Codice_AIC;Denominazione e Confezione;Codice ATC ;Principio Attivo;STATO
42292021;ABRIFF*120 dosi sosp inal 125 mcg + 5 mcg;R03AK11;Fluticasone/formoterolo;
42292033;ABRIFF*120 dosi sosp inal 250 mcg + 10 mcg;R03AK11;Fluticasone/formoterolo;
42292019;ABRIFF*120 dosi sosp inal 50 mcg + 5 mcg;R03AK11;Fluticasone/formoterolo;
25767029;ACEDIUR*12 cpr 50 mg + 15 mg;C09BA01;Captopril/idroclorotiazide;
37839026;ACIDO VALPROICO SODIO VALPROATO*30 cpr 300 mg rilascio prolungato;N03AG01;Acido valproico/sodio valproato;
38036087;ACIDO VALPROICO SODIO VALPROATO*30 cpr 300 mg rilascio prolungato;N03AG01;Acido valproico/sodio valproato;
37839115;ACIDO VALPROICO SODIO VALPROATO*30 cpr 500 mg rilascio prolungato;N03AG01;Acido valproico/sodio valproato;
38036240;ACIDO VALPROICO SODIO VALPROATO*30 cpr 500 mg rilascio prolungato;N03AG01;Acido valproico/sodio valproato;
36334011;ACIDO VALPROICO*30 cpr 300 mg rilascio prolungato;N03AG01;Acido valproico/sodio valproato;
36334023;ACIDO VALPROICO*30 cpr 500 mg rilascio prolungato;N03AG01;Acido valproico/sodio valproato;
34117010;ACTIVELLE*28 cpr riv 1 mg + 0,5 mg;G03FA01;Estradiolo/noretisterone;
35936032;ACTRAPHANE 30*1 flaconcino 1.000 UI 10 ml;A10AD01;Insulina umana da DNA ricombinante/insulina umana isofano da DNA ricombinante;
35932033;ACTRAPID*1 flaconcino SC EV 1.000 UI 10 ml;A10AB01;Insulina umana da DNA ricombinante;
43333018;ADEMPAS*42 cpr riv 0,5 mg;C02KX05;Riociguat;
43333044;ADEMPAS*42 cpr riv 1 mg;C02KX05;Riociguat;
43333071;ADEMPAS*42 cpr riv 1,5 mg;C02KX05;Riociguat;
43333107;ADEMPAS*42 cpr riv 2 mg;C02KX05;Riociguat;
43333133;ADEMPAS*42 cpr riv 2,5 mg;C02KX05;Riociguat;
43333057;ADEMPAS*84 cpr riv 1 mg;C02KX05;Riociguat;
43333083;ADEMPAS*84 cpr riv 1,5 mg;C02KX05;Riociguat;
43333119;ADEMPAS*84 cpr riv 2 mg;C02KX05;Riociguat;
43333145;ADEMPAS*84 cpr riv 2,5 mg;C02KX05;Riociguat;
39538032;ADENURIC*28 cpr riv 120 mg;M04AA03;Febuxostat;
39538018;ADENURIC*28 cpr riv 80 mg;M04AA03;Febuxostat;
37603026;ADROVANCE*4 cpr 70 mg + 2.800 UI;M05BB03;Acido alendronico/colecalciferolo;
36160190;ADVATE*1 flaconcino EV 1.000 UI + 1 flaconcino solv 2 ml preassemblati con dispositivo per ricostituzione;B02BD02;Octocog alfa (Fattore VIII di coagulazione, ricombinante);
36160036;ADVATE*1 flaconcino EV 1.000 UI + 1 flaconcino solv 5 ml;B02BD02;Octocog alfa (Fattore VIII di coagulazione, ricombinante);
36160202;ADVATE*1 flaconcino EV 1.500 UI + 1 flaconcino solv 2 ml preassemblati con dispositivo per ricostituzione;B02BD02;Octocog alfa (Fattore VIII di coagulazione, ricombinante);
36160048;ADVATE*1 flaconcino EV 1.500 UI + 1 flaconcino solv 5 ml;B02BD02;Octocog alfa (Fattore VIII di coagulazione, ricombinante);
36160051;ADVATE*1 flaconcino EV 2.000 UI + 1 flaconcino solv 5 ml + kit;B02BD02;Octocog alfa (Fattore VIII di coagulazione, ricombinante);
36160152;ADVATE*1 flaconcino EV 2.000 UI + 1 flaconcino solv 5 ml preassemblati con dispositivo per ricostituzione;B02BD02;Octocog alfa (Fattore VIII di coagulazione, ricombinante);
36160176;ADVATE*1 flaconcino EV 250 UI + 1 flaconcino solv 2 ml preassemblati con dispositivo per ricostituzione;B02BD02;Octocog alfa (Fattore VIII di coagulazione, ricombinante);
36160012;ADVATE*1 flaconcino EV 250 UI + 1 flaconcino solv 5 ml;B02BD02;Octocog alfa (Fattore VIII di coagulazione, ricombinante);
36160063;ADVATE*1 flaconcino EV 3.000 UI + 1 flaconcino solv 5 ml;B02BD02;Octocog alfa (Fattore VIII di coagulazione, ricombinante);
36160164;ADVATE*1 flaconcino EV 3.000 UI + 1 flaconcino solv 5 ml preassemblati con dispositivo per ricostituzione;B02BD02;Octocog alfa (Fattore VIII di coagulazione, ricombinante);
36160188;ADVATE*1 flaconcino EV 500 UI + 1 flaconcino solv 2 ml preassemblati con dispositivo per ricostituzione;B02BD02;Octocog alfa (Fattore VIII di coagulazione, ricombinante);
36160024;ADVATE*1 flaconcino EV 500 UI + 1 flaconcino solv 5 ml;B02BD02;Octocog alfa (Fattore VIII di coagulazione, ricombinante);
42293023;AFFERA*120 dosi sosp inal 125 mcg + 5 mcg;R03AK11;Fluticasone/formoterolo;
33181049;AGGRENOX*60 cps 200 mg + 25 mg rilascio modificato;B01AC;Dipiridamolo/acido acetilsalicilico;
25841089;AIMAFIX*1 fiala EV 500 UI + 1 fiala solv 10 ml + set;B02BD04;Fattore IX di coagulazione del sangue umano liofilizzato;
25841103;AIMAFIX*1 flaconcino EV 1.000 UI + 1 fiala solv 10 ml + set;B02BD04;Fattore IX di coagulazione del sangue umano liofilizzato;
39073034;ALBIOMIN*1 flacone soluz infus 100 ml 200 g/l;B05AA01;Albumina umana;
39073022;ALBIOMIN*1 flacone soluz infus 50 ml 200 g/l;B05AA01;Albumina umana;
22515163;ALBITAL*1 flaconcino EV 50 ml 200 g/l + set;B05AA01;Albumina umana;
22515136;ALBITAL*1 flacone EV 50 ml 25 g/100 ml + set;B05AA01;Albumina umana;
11544020;ALBUMINA UMANA*1 flacone EV 50 ml 200 g/l;B05AA01;Albumina umana;Fuori commercio dal 07/01/2017
37566078;ALBUMINA*1 flaconcino EV 100 ml 200 g/l;B05AA01;Albumina umana;
37566054;ALBUMINA*1 flaconcino EV 50 ml 200 g/l;B05AA01;Albumina umana;
36176016;ALBUMINA*1 flaconcino EV 50 ml 200 mg/ml;B05AA01;Albumina umana;
37566092;ALBUMINA*1 flaconcino EV 50 ml 250 g/l;B05AA01;Albumina umana;
34611020;ALBUMINA*1 flacone EV 100 ml 20%;B05AA01;Albumina umana;
34611018;ALBUMINA*1 flacone EV 50 ml 20%;B05AA01;Albumina umana;
34611069;ALBUMINA*1 flacone EV 50 ml 25 g/100 ml;B05AA01;Albumina umana;
39187087;ALBUNORM*1 flacone EV 100 ml 20% 200 g/l;B05AA01;Albumina umana;
39187063;ALBUNORM*1 flacone EV 50 ml 20% 200 g/l;B05AA01;Albumina umana;
39187101;ALBUNORM*1 flacone EV 50 ml 25% 250 g/l;B05AA01;Albumina umana;
36504052;ALBUREX*1 flaconcino EV 50 ml 20%;B05AA01;Albumina umana;
36504064;ALBUREX*1 flacone EV 100 ml 20%;B05AA01;Albumina umana;
36504076;ALBUREX*1 flacone EV 50 ml 25%;B05AA01;Albumina umana;
29251030;ALBUTEIN*1 flacone EV 50 ml 200 g/l;B05AA01;Albumina umana;
29251042;ALBUTEIN*1 flacone EV 50 ml 250 g/l;B05AA01;Albumina umana;
22702017;ALDACTAZIDE*20 cpr 25 mg + 25 mg;C03EA01;Spironolattone/idroclorotiazide;
26518011;ALFAFERONE*1 fiala IM SC EV 1.000.000 UI 1 ml;L03AB01;Interferone alfa N3;Fuori commercio dal 03/07/2017
26518062;ALFAFERONE*1 fiala IM SC EV 3.000.000 UI 1 ml;L03AB01;Interferone alfa N3;Fuori commercio dal 07/01/2017
26518050;ALFAFERONE*1 fiala IM SC EV 6.000.000 UI 1 ml;L03AB01;Interferone alfa N3;Fuori commercio dal 03/07/2017
34463048;ALIFLUS*DISKUS polv inal 60 dosi 50 mcg/100 mcg;R03AK06;Salmeterolo/fluticasone;
34463051;ALIFLUS*DISKUS polv inal 60 dosi 50 mcg/250 mcg;R03AK06;Salmeterolo/fluticasone;
34463063;ALIFLUS*DISKUS polv inal 60 dosi 50 mcg/500 mcg;R03AK06;Salmeterolo/fluticasone;
34463113;ALIFLUS*sosp inal 120 erog 25/125 mcg;R03AK06;Salmeterolo/fluticasone;
34463125;ALIFLUS*sosp inal 120 erog 25/250 mcg;R03AK06;Salmeterolo/fluticasone;
34463101;ALIFLUS*sosp inal 120 erog 25/50 mcg;R03AK06;Salmeterolo/fluticasone;
36739023;ALMEIDA*os nebul 30 monodosi 0,5 ml 1,875 mg/0,5 ml + 0,375 mg/0,5 ml;R03AL02;Salbutamolo/ipratropio bromuro;
39180031;ALONEB*28 cpr riv 5 mg + 12,5 mg;C07BB12;Nebivololo/idroclorotiazide;
39180094;ALONEB*28 cpr riv 5 mg + 25 mg;C07BB12;Nebivololo/idroclorotiazide;
33077102;ALPHANATE*1 flacone EV 1.000 UI + 1 siringa preriempita 10 ml + adattatore;B02BD06;Fattore VIII umano di coagulazione/fattore di Von Willebrand;
33077114;ALPHANATE*1 flacone EV 1.500 UI + 1 siringa preriempita 10 ml + adattatore;B02BD06;Fattore VIII umano di coagulazione/fattore di Von Willebrand;
29250077;ALPHANINE*1 flacone EV 1.000 UI + 1 siringa preriempita 10 ml + adattatore;B02BD04;Fattore IX di coagulazione del sangue umano liofilizzato;
29250089;ALPHANINE*1 flacone EV 1.500 UI + 1 siringa preriempita 10 ml + adattatore;B02BD04;Fattore IX di coagulazione del sangue umano liofilizzato;
36170013;ANGELIQ*28 cpr riv 1 mg + 2 mg;G03FA17;Estradiolo/drospirenone;
43438023;ANORO*30 dosi polv inal 55 mcg + 22 mcg;R03AL03;Umeclidinio/Vilanterolo;
27834062;ARTROMED*30 cpr riv 600 mg;M01AX;Amtolmetina guacile;
27834035;ARTROMED*os grat 30 bust 600 mg;M01AX;Amtolmetina guacile;
29757010;ARTROTEC*30 cpr 50 mg + 200 mcg;M01AB55;Diclofenac/misoprostolo;
29757059;ARTROTEC*30 cpr 75 mg + 200 mcg;M01AB55;Diclofenac/misoprostolo;
27122112;ASALEX*20 bust grat 1,5 g sosp rett;A07EC02;Mesalazina;
23075029;ASCRIPTIN*20 cpr div 300 mg;B01AC06;Acido acetilsalicilico/magnesio idrossido/algeldrato;
35363062;ASSIEME MITE*polv inal 120 dosi 80 mcg + 4,5 mcg;R03AK07;Budesonide/formoterolo;
35362060;ASSIEME*TURBOHALER polv inal 120 dosi 160 mcg + 4,5 mcg;R03AK07;Budesonide/formoterolo;
38576144;ATOVER*28 cpr riv 20 mg + 10 mg;C09BB02;Enalapril/lercanidipina;
38576258;ATOVER*28 cpr riv 20 mg + 20 mg;C09BB02;Enalapril/lercanidipina;
42921027;AUBAGIO*28 cpr riv 14 mg;L04AA31;Teriflunomide;
37954031;AUGMENTIN*12 cpr riv 875 mg + 125 mg;J01CR02;Amoxicillina/acido clavulanico;Fuori commercio dal 03/01/2017
26089146;AUGMENTIN*BB os polv 12 bust 400 mg + 57 mg;J01CR02;Amoxicillina/acido clavulanico;
37954017;AUGMENTIN*os polv 12 bust 875 mg + 125 mg;J01CR02;Amoxicillina/acido clavulanico;Fuori commercio dal 03/01/2017
33283045;AVONEX*4 penne IM 30 mcg/0,5 ml + 4 aghi + 4 cappucci penna;L03AB07;Interferone beta 1A;
33283033;AVONEX*4 siringhe IM 30 mcg/0,5 ml + 4 aghi;L03AB07;Interferone beta 1A;
38837011;AZARGA*collirio 5 ml 10 mg/ml + 5 mg/ml;S01ED51;Brinzolamide/timololo;
28313017;BACTRIM PERFUSIONE*1 fiala EV 80 mg/5 ml + 400 mg/5 ml;J01EE01;Trimetoprim/sulfametoxazolo;
21978046;BACTRIM*16 cpr 160 mg + 800 mg;J01EE01;Trimetoprim/sulfametoxazolo;
21978061;BACTRIM*os sosp 80 mg/5 ml + 400 mg/5 ml 100 ml;J01EE01;Trimetoprim/sulfametoxazolo;
43364025;BEMFOLA*1 cartuccia in penna preriemp SC 150 UI/0,25 ml + ago;G03GA05;Follitropina alfa da DNA ricombinante;
43364037;BEMFOLA*1 cartuccia in penna preriemp SC 225 UI/0,375 ml + ago;G03GA05;Follitropina alfa da DNA ricombinante;
43364049;BEMFOLA*1 cartuccia in penna preriemp SC 300 UI/0,50 ml + ago;G03GA05;Follitropina alfa da DNA ricombinante;
43364052;BEMFOLA*1 cartuccia in penna preriemp SC 450 UI/0,75 ml + ago;G03GA05;Follitropina alfa da DNA ricombinante;
43364013;BEMFOLA*1 cartuccia in penna preriemp SC 75 UI/0,125 ml + ago;G03GA05;Follitropina alfa da DNA ricombinante;
33535067;BENEFIX*1 flacone EV 1.000 UI + 1 siringa 5 ml solv;B02BD04;Nonacog alfa (fattore IX di coagulazione, ricombinante);
33535079;BENEFIX*1 flacone EV 2.000 UI + 1 siringa 5 ml solv;B02BD04;Nonacog alfa (fattore IX di coagulazione, ricombinante);
33535042;BENEFIX*1 flacone EV 250 UI + 1 siringa 5 ml solv;B02BD04;Nonacog alfa (fattore IX di coagulazione, ricombinante);
33535081;BENEFIX*1 flacone EV 3.000 UI + 1 siringa 5 ml solv + set infusione;B02BD04;Nonacog alfa (fattore IX di coagulazione, ricombinante);
33535055;BENEFIX*1 flacone EV 500 UI + 1 siringa 5 ml solv;B02BD04;Nonacog alfa (fattore IX di coagulazione, ricombinante);
33657038;BERIATE*1 fiala EV 1.000 UI + 1 fiala solv + set;B02BD02;Fattore VIII di coagulazione del sangue umano liofilizzato;
39056015;BERINERT*1 fiala EV 500 U + 1 fiala solv 10 ml;B06AC01;Proteina del plasma umano antiangioedema;
32166047;BETAFERON*15 flaconcini polvere SC 0,25 mg/ml + 15 siringhe;L03AB08;Interferone beta 1B;
38190017;BINOCRIT*1 siringa 1.000 UI 0,5 ml;B03XA01;Epoetina alfa;
38190157;BINOCRIT*1 siringa 10.000 UI 1 ml;B03XA01;Epoetina alfa;
38190031;BINOCRIT*1 siringa 2.000 UI 1 ml;B03XA01;Epoetina alfa;
38190056;BINOCRIT*1 siringa 3.000 UI 0,3 ml;B03XA01;Epoetina alfa;
38190233;BINOCRIT*1 siringa 30.000 UI 0,75 ml;B03XA01;Epoetina alfa;
38190070;BINOCRIT*1 siringa 4.000 UI 0,4 ml;B03XA01;Epoetina alfa;
38190258;BINOCRIT*1 siringa 40.000 UI 1 ml;B03XA01;Epoetina alfa;
38190094;BINOCRIT*1 siringa 5.000 UI 0,5 ml;B03XA01;Epoetina alfa;
38190118;BINOCRIT*1 siringa 6.000 UI 0,6 ml;B03XA01;Epoetina alfa;
38190373;BINOCRIT*1 siringa 6.000 UI 0,6 ml;B03XA01;Epoetina alfa;
38190450;BINOCRIT*1 siringa SC EV 10.000 UI 1 ml;B03XA01;Epoetina alfa;
38190474;BINOCRIT*1 siringa SC EV 20.000UI 0,5 ml;B03XA01;Epoetina alfa;
38190498;BINOCRIT*1 siringa SC EV 30.000 UI 0,75 ml;B03XA01;Epoetina alfa;
38190512;BINOCRIT*1 siringa SC EV 40.000 UI 1 ml;B03XA01;Epoetina alfa;
38190359;BINOCRIT*1 siringa SC EV 5.000 UI 0,5 ml;B03XA01;Epoetina alfa;
38190132;BINOCRIT*1 siringa SC EV 8.000 UI 0,8 ml;B03XA01;Epoetina alfa;
38190411;BINOCRIT*1 siringa SC EV 8.000 UI 0,8 ml;B03XA01;Epoetina alfa;
38190284;BINOCRIT*6 siringhe SC EV 1.000 UI 0,5 ml;B03XA01;Epoetina alfa;
38190308;BINOCRIT*6 siringhe SC EV 2.000 UI 1 ml;B03XA01;Epoetina alfa;
38190322;BINOCRIT*6 siringhe SC EV 3.000 UI 0,3 ml;B03XA01;Epoetina alfa;
38190346;BINOCRIT*6 siringhe SC EV 4.000 UI 0,4 ml;B03XA01;Epoetina alfa;
38947026;BIVIS*28 cpr riv 20 mg + 5 mg;C09DB02;Olmesartan medoxomil/amlodipina;
38947242;BIVIS*28 cpr riv 40 mg + 10 mg;C09DB02;Olmesartan medoxomil/amlodipina;
38947139;BIVIS*28 cpr riv 40 mg + 5 mg;C09DB02;Olmesartan medoxomil/amlodipina;
36738021;BIWIND*os nebul 30 monodosi 0,5 ml 1,875 mg/0,5 ml + 0,375 mg/0,5 ml;R03AL02;Salbutamolo/ipratropio bromuro;
36570012;BONDRONAT*28 cpr riv 50 mg;M05BA06;Sodio ibandronato;
42470029;BRETARIS GENUAIR*1 flacone 60 dosi polv inal 322 mcg;R03BB05;Aclidinio;
24154054;BREVA*aerosol 200 erog;R03AK04;Salbutamolo/ipratropio bromuro;Fuori commercio dal 25/07/2013
43773011;BRIMICA GENUAIR*1 inalatore 60 dosi polv inal 340 mcg + 12 mcg;R03AL05;Aclidinio/Formoterolo;
43187107;BRINTELLIX*28 cpr riv 10 mg;N06AX26;Vortioxetina;
43187020;BRINTELLIX*28 cpr riv 5 mg;N06AX26;Vortioxetina;
43187362;BRINTELLIX*os gtt 15 ml 20 mg/ml;N06AX26;Vortioxetina;
22579193;CALCIPARINA*10 fiale SC 12.500 UI 0,5 ml;B01AB01 ;Eparina calcica;
22579128;CALCIPARINA*10 fiale SC 5.000 UI 0,2 ml;B01AB01 ;Eparina calcica;
22579155;CALCIPARINA*10 siringhe SC 12.500 UI 0,5 ml;B01AB01 ;Eparina calcica;
22579142;CALCIPARINA*10 siringhe SC 5.000 UI 0,2 ml;B01AB01 ;Eparina calcica;
24597015;CARBOLITHIUM*50 cps 150 mg;N05AN01;Litio carbonato;
5167010;CARDIOSTENOL*8 fiale IM 1 ml 10 mg/ml + 0,5 mg/ml; N02AG01 ;Morfina cloridrato/atropina solfato;
28896025;CEPIM*1 fiala IM EV 1 g + 1 fiala solv 3 ml;J01DE01;Cefepime;
28900025;CEPIMEX*1 fiala IM EV 1 g + 1 fiala solv 3 ml;J01DE01;Cefepime;
28900013;CEPIMEX*1 fiala IM EV 500 mg + 1 fiala solv 1,5 ml;J01DE01;Cefepime;
42017018;CINRYZE*2 flaconcini EV 500 U + 2 flaconcini solv 10 ml;B06AC01 ;Proteina del plasma umano antiangioedema;
26138230;CLAVULIN*BB os sosp 12 bust 400 mg + 57 mg;J01CR02 ;Amoxicillina/acido clavulanico;
23440062;CLENIL COMPOSITUM*sosp inal 200 erog jet 250 mcg + 100 mcg;R03AK ;Beclometasone/salbutamolo;
23440050;CLENIL COMPOSITUM*sosp nebul 10 fiale 0,8 mg + 1,6 mg 2 ml;R03AK ;Beclometasone/salbutamolo;
23440086;CLENIL COMPOSITUM*sosp nebul 20 fiale 0,8 mg + 1,6 mg 2 ml;R03AK ;Beclometasone/salbutamolo;
41114012;COBESAR*28 cpr riv 150 mg + 12,5 mg;C09DA04;Irbesartan/idroclorotiazide;Fuori commercio dal 13/12/2016 
41114024;COBESAR*28 cpr riv 300 mg + 12,5 mg;C09DA04;Irbesartan/idroclorotiazide;Fuori commercio dal 13/12/2016 
41114036;COBESAR*28 cpr riv 300 mg + 25 mg;C09DA04;Irbesartan/idroclorotiazide;Fuori commercio dal 13/12/2016 
23003027;COMBANTRIN*8 cpr mast 250 mg;P02CC01 ;Pirantel;
23003041;COMBANTRIN*os sosp 30 ml 250 mg/5 ml;P02CC01 ;Pirantel;
37083019;COMBIGAN*collirio 5 ml 0,2% + 0,5%;S01ED51;Timololo/brimonidina;
35392012;COMBISEVEN*2 cerotti transd 50 mcg/die + 2 cerotti 50 mcg/die + 10 mcg/die;G03FB09;Estradiolo/levonorgestrel;
37225099;COMPETACT*56 cpr riv 15 mg + 850 mg;A10BD05;Pioglitazone/metformina;
39364017;CONBRIZA*28 cpr riv 20 mg;G03XC02;Bazedoxifene;
21091018;CONTRATHION*1 flaconcino EV 200 mg + 1 fiala 10 ml solv;V03AB04;Pralidoxima;
35418060;COPAXONE*12 siringhe SC 40 mg/ml 1 ml;L03AX13 ;Glatiramer;
35418021;COPAXONE*28 siringhe SC 20 mg/ml 1 ml;L03AX13 ;Glatiramer;
38568147;CORIPREN*28 cpr riv 20 mg + 10 mg;C09BB02;Enalapril/lercanidipina;
38568251;CORIPREN*28 cpr riv 20 mg + 20 mg;C09BB02;Enalapril/lercanidipina;
29018064;CREON 10.000UI*100 cps gastrores 150 mg rilascio modificato;A09AA02;Pancrelipasi;
44528026;CRESEMBA*14 cps 100 mg;J02AC05 ;Isavuconazolo;
23576022;CUROXIM*1 flacone IM 500 mg + 1 fiala solv 2 ml;J01DC02;Cefuroxima;
43542012;DAKLINZA*28 cpr riv 30 mg;J05AX14;Daclatasvir;
43542036;DAKLINZA*28 cpr riv 60 mg;J05AX14;Daclatasvir;
28969020;DELAPRIDE*28 cpr 30 mg + 2,5 mg;C09BA12 ;Delapril/indapamide;
22483109;DEPAKIN CHRONO*30 cpr 300 mg rilascio prolungato;N03AG01;Acido valproico/sodio valproato;
38485037;DEPAKIN CHRONO*30 cpr 300 mg rilascio prolungato;N03AG01;Acido valproico/sodio valproato;
40965028;DEPAKIN CHRONO*30 cpr 300 mg rilascio prolungato;N03AG01;Acido valproico/sodio valproato;
43250036;DEPAKIN CHRONO*30 cpr 300 mg rilascio prolungato;N03AG01;Acido valproico/sodio valproato;
22483111;DEPAKIN CHRONO*30 cpr 500 mg rilascio prolungato;N03AG01;Acido valproico/sodio valproato;
38485025;DEPAKIN CHRONO*30 cpr 500 mg rilascio prolungato flacone;N03AG01;Acido valproico/sodio valproato;
43250024;DEPAKIN CHRONO*30 cpr 500 mg rilascio prolungato flacone;N03AG01;Acido valproico/sodio valproato;
43478015;DEPAKIN CHRONO*30 cpr 500 mg rilascio prolungato flacone;N03AG01;Acido valproico/sodio valproato;
43708015;DEPAKIN CHRONO*30 cpr 500 mg rilascio prolungato flacone;N03AG01;Acido valproico/sodio valproato;
43718030;DEPAKIN CHRONO*30 cpr 500 mg rilascio prolungato flacone;N03AG01;Acido valproico/sodio valproato;
43953013;DEPAKIN CHRONO*30 cpr 500 mg rilascio prolungato flacone;N03AG01;Acido valproico/sodio valproato;
22483224;DEPAKIN*os grat 30 bust 1.000 mg rilascio modificato;N03AG01;Acido valproico/sodio valproato;
22483147;DEPAKIN*os grat 30 bust 100 mg rilascio modificato;N03AG01;Acido valproico/sodio valproato;
22483162;DEPAKIN*os grat 30 bust 250 mg rilascio modificato;N03AG01;Acido valproico/sodio valproato;
22483186;DEPAKIN*os grat 30 bust 500 mg rilascio modificato;N03AG01;Acido valproico/sodio valproato;
22483200;DEPAKIN*os grat 30 bust 750 mg rilascio modificato;N03AG01;Acido valproico/sodio valproato;
35313055;DEPALGOS*28 cpr riv 10 mg + 325 mg;N02AA55;Oxicodone/paracetamolo;
35313081;DEPALGOS*28 cpr riv 20 mg + 325 mg;N02AA55;Oxicodone/paracetamolo;
35313028;DEPALGOS*28 cpr riv 5 mg + 325 mg;N02AA55;Oxicodone/paracetamolo;
27107010;DEPAMAG*40 cpr gastrores 200 mg;N03AG01;Magnesio valproato;
27107022;DEPAMAG*40 cpr gastrores 500 mg;N03AG01;Magnesio valproato;
27107034;DEPAMAG*os soluz 100 ml 10%;N03AG01;Magnesio valproato;
28967026;DINAPRES*28 cpr 30 mg + 2,5 mg;C09BA12 ;Delapril/indapamide;
13013026;DISIPAL*50 cpr riv 50 mg;N04AB02;Orfenadrina;
35675141;DOVOBET*gel derm 30 g 50 mcg/g + 0,5 mg/g;D05AX52;Calcipotriolo/betametasone;
43777010;DUAKLIR GENUAIR*1 inalatore 60 dosi polv inal 340 mcg + 12 mcg;R03AL05;Aclidinio/Formoterolo;
39763091;DUOPLAVIN*28 cpr riv 75 mg + 100 mg;B01AC30;Clopidogrel/acido acetilsalicilico;
43366018;DUORESP SPIROMAX*polv inal 120 dosi 160 mcg + 4,5 mcg;R03AK07;Budesonide/formoterolo;
43366044;DUORESP SPIROMAX*polv inal 60 dosi 320 mcg + 9 mcg;R03AK07;Budesonide/formoterolo;
43240187;DUOTENS*30 cps 10 mg + 10 mg;C09BB07;Ramipril/Amlodipina;
43240148;DUOTENS*30 cps 10 mg + 5 mg;C09BB07;Ramipril/Amlodipina;
43240100;DUOTENS*30 cps 5 mg + 10 mg;C09BB07;Ramipril/Amlodipina;
43240062;DUOTENS*30 cps 5 mg + 5 mg;C09BB07;Ramipril/Amlodipina;
37104015;DUOTRAV*collirio 2,5 ml 40 mcg/ml + 5 mg/ml;S01ED51;Timololo/travoprost;
25233065;DUOVENT*sosp inal 200 erog 50 mcg + 20 mcg 10 ml;R03AL01;Fenoterolo/ipratropio bromuro;
25233038;DUOVENT*UDV 20 fiale 0,5 mg + 1,25 mg 4 ml aerosol;R03AL01;Fenoterolo/ipratropio bromuro;
38773103;EFFICIB*56 cpr riv 50 mg + 1.000 mg;A10BD07;Sitagliptin/metformina;
38773038;EFFICIB*56 cpr riv 50 mg + 850 mg;A10BD07;Sitagliptin/metformina;
39055090;EFIENT*28 cpr riv 10 mg;B01AC22;Prasugrel;
39055025;EFIENT*28 cpr riv 5 mg;B01AC22;Prasugrel;
42471021;EKLIRA GENUAIR*1 inalatore 60 dosi polv inal 322 mcg;R03BB05 ;Aclidinio;
36967040;ELIGARD*1 siringa 22,5 mg + kit;L02AE02 ;Leuprorelina;
36967038;ELIGARD*1 siringa 7,5 mg + kit;L02AE02 ;Leuprorelina;
36967065;ELIGARD*1 siringa polv soluz iniett 45 mg + kit;L02AE02 ;Leuprorelina;
44563056;ELOCTA*1 flaconcino EV 1.000 UI + 1 siringa 3 ml;B02BD02;Efmoroctocog Alfa;
44563068;ELOCTA*1 flaconcino EV 1.500 UI + 1 siringa 3 ml;B02BD02;Efmoroctocog Alfa;
44563070;ELOCTA*1 flaconcino EV 2.000 UI + 1 siringa 3 ml;B02BD02;Efmoroctocog Alfa;
44563017;ELOCTA*1 flaconcino EV 250 UI + 1 siringa 3 ml;B02BD02;Efmoroctocog Alfa;
44563082;ELOCTA*1 flaconcino EV 3.000 UI + 1 siringa 3 ml;B02BD02;Efmoroctocog Alfa;
44563029;ELOCTA*1 flaconcino EV 500 UI + 1 siringa 3 ml;B02BD02;Efmoroctocog Alfa;
23564228;EMOCLOT*1 fiala EV 1.000 UI + 1 fiala solv 10 ml + 1 set;B02BD02 ;Fattore VIII di coagulazione del sangue umano liofilizzato;
23564216;EMOCLOT*1 fiala EV 500 UI + 1 fiala solv 10 ml + 1 set;B02BD02 ;Fattore VIII di coagulazione del sangue umano liofilizzato;
38498022;ENALAPRIL E IDROCLOROTIAZIDE*14 cpr 20 mg + 12,5 mg;C09BA02;Enalapril/idroclorotiazide;Fuori commercio dal 12/01/2017
27066137;ENANTONE*1 siringa preriempita doppia camera IM SC 11,25 mg/ml rilascio prolungato;L02AE02 ;Leuprorelina;
27066125;ENANTONE*1 siringa preriempita doppia camera IM SC 3,75 mg/ml rilascio prolungato;L02AE02 ;Leuprorelina;
33908029;ENULID*14 cpr riv 15 mg + 25 mg;C09BA13 ;Moexipril/idroclorotiazide;
39474123;EPORATIO*1 siringa 10.000 UI 1 ml con dispositivo di sicurezza;B03XA01 ;Epoetina teta;
39474186;EPORATIO*1 siringa 20.000 UI 1 ml con dispositivo di sicurezza;B03XA01 ;Epoetina teta;
39474248;EPORATIO*1 siringa 30.000 UI 1 ml con dispositivo di sicurezza;B03XA01 ;Epoetina teta;
27015142;EPREX*1 siringa EV SC 1.000 UI 0,5 ml 2.000 UI/ml;B03XA01;Epoetina alfa;
27015181;EPREX*1 siringa EV SC 10.000 UI 1 ml 10.000 UI/ml;B03XA01;Epoetina alfa;
27015155;EPREX*1 siringa EV SC 2.000 UI 0,5 ml 4.000 UI/ml;B03XA01;Epoetina alfa;
27015167;EPREX*1 siringa EV SC 3.000 UI 0,3 ml 10.000 UI/ml;B03XA01;Epoetina alfa;
27015179;EPREX*1 siringa EV SC 4.000 UI 0,4 ml 10.000 UI/ml;B03XA01;Epoetina alfa;
27015282;EPREX*1 siringa EV SC 40.000 UI 1 ml 40.000 UI/ml;B03XA01;Epoetina alfa;
27015231;EPREX*1 siringa EV SC 5.000 UI 0,5 ml 10.000 UI/ml;B03XA01;Epoetina alfa;
27015243;EPREX*1 siringa EV SC 6.000 UI 0,6 ml 10.000 UI/ml;B03XA01;Epoetina alfa;
27015268;EPREX*1 siringa EV SC 8.000 UI 0,8 ml 10.000 UI/ml;B03XA01;Epoetina alfa;
42227013;ESMYA*28 cpr 5 mg;G03XB02;Ulipristal;
34209039;ESTALIS SEQUI*4 cerotti transd 50 mcg/die + 4 cerotti 50 mcg/die + 250 mcg/die;G03FB05 ;Estradiolo/noretisterone;
22176022;ETANICOZID B6*50 cpr riv;J04AC51 ;Etambutolo/isoniazide/piridossina;
38252096;EUCREAS*60 cpr riv 50 mg + 1.000 mg;A10BD08 ;Vildagliptin/metformina;
38252033;EUCREAS*60 cpr riv 50 mg + 850 mg;A10BD08 ;Vildagliptin/metformina;
27810023;EUFANS*30 cpr riv 600 mg;M01AX49;Amtolmetina guacile;
27810035;EUFANS*os grat 30 bust 600 mg;M01AX49;Amtolmetina guacile;
24728065;EUPRES MITE*21 cpr 50 mg + 25 mg;C07CB03;Atenololo/clortalidone;
24728038;EUPRES*21 cpr 100 mg + 25 mg;C07CB03;Atenololo/clortalidone;
38545075;EXTAVIA*15 flaconcini SC 250 mcg/ml + 15 siringhe solv;L03AB08 ;Interferone beta 1B;
43840014;EXVIERA*56 cpr riv 250 mg;J05AX16 ;Dasabuvir;
33866068;FANHDI*1 fiala EV 1.000 UI + 1 siringa;B02BD02 ;Fattore VIII di coagulazione del sangue umano liofilizzato;
33866070;FANHDI*1 fiala EV 1.500 UI + 1 siringa;B02BD02 ;Fattore VIII di coagulazione del sangue umano liofilizzato;
33866043;FANHDI*1 fiala EV 250 UI + 1 siringa;B02BD02 ;Fattore VIII di coagulazione del sangue umano liofilizzato;
33866056;FANHDI*1 fiala EV 500 UI + 1 siringa;B02BD02 ;Fattore VIII di coagulazione del sangue umano liofilizzato;
24744070;FEIBA*1 fiala EV 1.000 UF + 1 flaconcino solv 20 ml + dispositivo Baxject II HI Flow;B02BD03 ;Complesso protrombinico antiemofilico umano attivato;
33907027;FEMIPRES PLUS*14 cpr riv 15 mg + 25 mg;C09BA13;Moexipril/idroclorotiazide;
36489019;FEMITY*4 cerotti transd 50 mcg/die + 7 mcg/die;G03FA11;Estradiolo/levonorgestrel;
33639055;FEMOSTON 1/10*14 cpr riv bianche + 14 cpr riv grigie;G03FB08;Estradiolo/didrogesterone;
33639081;FEMOSTON 1/5 CONTI*28 cpr riv 1 mg + 5 mg;G03FB08;Estradiolo/didrogesterone;
33639016;FEMOSTON 2/10*14 cpr riv rosse + 14 cpr riv gialle;G03FB08;Estradiolo/didrogesterone;
12238085;FERRITIN OTI*1 flacone 240 ml 62,5 mg/8 ml sciroppo;B03AB;Sodio ferrigluconato;
21922024;FERRO-GRAD*40 cpr 105 mg rilascio prolungato;B03AA07 ;Ferroso solfato;
39232018;FIRMAGON*1 flaconcino 80 mg polv + 1 siringa solv 4,2 ml;L02BX02 ;Degarelix;
39232020;FIRMAGON*2 flaconcini polv 120 mg + 2 siringhe solv 3 ml;L02BX02 ;Degarelix;
38324036;FIXNOVE*1 flaconcino polv EV 1.200 UI + 1 flaconcino solv 10 ml;B02BD04 ;Fattore IX di coagulazione del sangue umano liofilizzato;
38109068;FLEXBUMIN*1 sacca EV 100 ml 200 g/l;B05AA01;Albumina umana;
38109056;FLEXBUMIN*1 sacca EV 50 ml 200 g/l;B05AA01;Albumina umana;
38109070;FLEXBUMIN*1 sacca EV 50 ml 250 g/l;B05AA01;Albumina umana;
41893013;FLUSALIO*polv inal 60 dosi 50 mcg + 250 mcg;R03AK06 ;Salmeterolo/fluticasone;
41893025;FLUSALIO*polv inal 60 dosi 50 mcg + 500 mcg;R03AK06 ;Salmeterolo/fluticasone;
21360021;FLUSS*20 cpr 40 mg + 25 mg;C03EB01 ;Furosemide/triamterene;
42294025;FLUTIFORMO*120 dosi sosp inal 125 mcg + 5 mcg;R03AK11 ;Fluticasone/formoterolo;
42294037;FLUTIFORMO*120 dosi sosp inal 250 mcg + 10 mcg;R03AK11 ;Fluticasone/formoterolo;
42294013;FLUTIFORMO*120 dosi sosp inal 50 mcg + 5 mcg;R03AK11 ;Fluticasone/formoterolo;
26270076;FLUXUM*6 siringhe SC 3.200 UI aXa 0,3 ml;B01AB07 ;Parnaparina;
26270088;FLUXUM*6 siringhe SC 4.250 UI aXa 0,4 ml;B01AB07 ;Parnaparina;
26270090;FLUXUM*6 siringhe SC 6.400 UI aXa 0,6 ml;B01AB07 ;Parnaparina;
26270126;FLUXUM*6 siringhe SC 8.500 UI aXa 0,8 ml;B01AB07 ;Parnaparina;
43369040;FOBULER*easyhaler polv inal 120 dosi 160 mcg + 4,5 mcg;R03AK07 ;Budesonide/formoterolo;
43369077;FOBULER*easyhaler polv inal 60 dosi 320 mcg + 9 mcg;R03AK07 ;Budesonide/formoterolo;
37778038;FORMODUAL*polv inal 120 dosi 100 mcg + 6 mcg nexthaler;R03AK08 ;Beclometasone/formoterolo;
37778014;FORMODUAL*soluz inal 120 erog 100 mcg + 6 mcg;R03AK08 ;Beclometasone/formoterolo;
42494070;FORXIGA*28 cpr riv 10 mg;A10BK01;Dapagliflozin;
36845028;FOSAVANCE*4 cpr 70 mg + 2.800 UI;M05BB03;Acido alendronico/colecalciferolo;
37789031;FOSTER*polv inal 120 dosi 100 mcg + 6 mcg;R03AK08 ;Beclometasone/formoterolo;
37789017;FOSTER*soluz inal 120 erog 100 mcg + 6 mcg;R03AK08 ;Beclometasone/formoterolo;
37097209;FOZNOL*90 cpr mast 1.000 mg flacone;V03AE03 ;Lantanio;
37097134;FOZNOL*90 cpr mast 500 mg flacone;V03AE03 ;Lantanio;
37097096;FOZNOL*90 cpr mast 750 mg flacone;V03AE03 ;Lantanio;
37097235;FOZNOL*os polv 90 bust 1.000 mg;V03AE03 ;Lantanio;
37097223;FOZNOL*os polv 90 bust 750 mg;V03AE03 ;Lantanio;
27276082;FRAGMIN*4 siringhe SC 10.000 UI 0,4 ml;B01AB04;Dalteparina;
27276094;FRAGMIN*4 siringhe SC 12.500 UI 0,5 ml;B01AB04;Dalteparina;
27276106;FRAGMIN*4 siringhe SC 15.000 UI 0,6 ml;B01AB04;Dalteparina;
27276120;FRAGMIN*4 siringhe SC 7.500 UI 0,3 ml;B01AB04;Dalteparina;
27276031;FRAGMIN*6 siringhe SC 2.500 UI 0,2 ml;B01AB04;Dalteparina;
27276043;FRAGMIN*6 siringhe SC 5.000 UI 0,2 ml;B01AB04;Dalteparina;
35255013;FRAGOR*28 cpr div 30 mg + 10 mg;C09BB12 ;Delapril/Manidipina;
42581126;FYCOMPA*28 cpr riv 10 mg;N03AX22 ;Perampanel;
42581153;FYCOMPA*28 cpr riv 12 mg;N03AX22 ;Perampanel;
42581037;FYCOMPA*28 cpr riv 4 mg;N03AX22 ;Perampanel;
42581064;FYCOMPA*28 cpr riv 6 mg;N03AX22 ;Perampanel;
42581090;FYCOMPA*28 cpr riv 8 mg;N03AX22 ;Perampanel;
42581013;FYCOMPA*7 cpr riv 2 mg;N03AX22 ;Perampanel;
22635078;GAMMATET P*1 siringa EV 500 UI 2 ml;J06BB02 ;Immunoglobulina umana antitetanica;
22635066;GAMMATET P*1 siringa IM 250 UI 1 ml;J06BB02 ;Immunoglobulina umana antitetanica;
37140011;GANFORT*collirio 3 ml 300 mcg/ml + 5 mg/ml;S01ED51;Timololo/bimatoprost;
37140047;GANFORT*collirio 30 contenitori monodose 0,4 ml 300 mcg/ml + 5 mg/ml;S01ED51;Timololo/bimatoprost;
4556015;GARDENALE*20 cpr 100 mg;N03AA02;Fenobarbital;
4556027;GARDENALE*30 cpr 50 mg;N03AA02;Fenobarbital;
34248171;GAVISCON ADVANCE*20 bust os sosp 10 ml menta;A02BX13;Sodio alginato/potassio bicarbonato;
34248043;GAVISCON ADVANCE*os sosp 200 ml;A02BX13;Sodio alginato/potassio bicarbonato;
34248284;GAVISCON ADVANCE*os sosp 200 ml menta 1.000 mg/10 ml + 200 mg/10 ml;A02BX13;Sodio alginato/potassio bicarbonato;
34248068;GAVISCON ADVANCE*os sosp 500 ml;A02BX13;Sodio alginato/potassio bicarbonato;
34248346;GAVISCON ADVANCE*os sosp 500 ml menta 1.000 mg/10 ml + 200 mg/10 ml;A02BX13;Sodio alginato/potassio bicarbonato;
38946012;GIANT*28 cpr riv 20 mg + 5 mg;C09DB02 ;Olmesartan medoxomil/amlodipina;
38946137;GIANT*28 cpr riv 40 mg + 10 mg;C09DB02 ;Olmesartan medoxomil/amlodipina;
38946075;GIANT*28 cpr riv 40 mg + 5 mg;C09DB02 ;Olmesartan medoxomil/amlodipina;
26129015;GLIBOMET*40 cpr riv 2,5 mg + 400 mg;A10BD02 ;Metformina/glibenclamide;
26129041;GLIBOMET*60 cpr riv 5 mg + 400 mg;A10BD02 ;Metformina/glibenclamide;
38529057;GLUBRAVA*56 cpr riv 15 mg + 850 mg;A10BD05;Pioglitazone/metformina;
36678100;GOLTOR*30 cpr 10 mg + 10 mg;C10BA02;Ezetimibe/simvastatina;
36678213;GOLTOR*30 cpr 10 mg + 20 mg;C10BA02;Ezetimibe/simvastatina;
36678365;GOLTOR*30 cpr 10 mg + 40 mg;C10BA02;Ezetimibe/simvastatina;
32392211;GONAL F*1 fiala SC 1.050 UI 1,75 ml;G03GA05;Follitropina alfa da DNA ricombinante;
32392250;GONAL F*1 fiala SC 75 UI + 1 siringa 1 ml;G03GA05;Follitropina alfa da DNA ricombinante;
32392336;GONAL F*1 penna SC 300 UI/0,5 ml + 8 aghi;G03GA05;Follitropina alfa da DNA ricombinante;
32392348;GONAL F*1 penna SC 450 UI/0,75 ml + 12 aghi;G03GA05;Follitropina alfa da DNA ricombinante;
32392351;GONAL F*1 penna SC 900 UI/1,5 ml + 20 aghi;G03GA05;Follitropina alfa da DNA ricombinante;
32392274;GONAL F*10 fiale SC 75 UI + 10 siringhe 1 ml;G03GA05;Follitropina alfa da DNA ricombinante;
37610021;GRAZAX*os liof 100 flaconcini 75.000SQ-T;V01AA02;Polline graminacee phleum pratense;
37610019;GRAZAX*os liof 30 flaconcini 75.000SQ-T;V01AA02;Polline graminacee phleum pratense;
26600078;HAEMATE P*1 flacone EV 1.000 UI + 1 flaconcino solv 15 ml + set;B02BD06 ;Fattore VIII umano di coagulazione/fattore di Von Willebrand;
26600080;HAEMATE P*1 flacone EV 500 UI + 1 flacone solv 10 ml + set;B02BD06 ;Fattore VIII umano di coagulazione/fattore di Von Willebrand;
39072032;HAEMOBIONINE*1 flacone 1.000 UI + 1 flaconcino 10 ml solv + sistema doppio filtro + ago farfalla;B02BD04 ;Fattore IX di coagulazione del sangue umano liofilizzato;
39072020;HAEMOBIONINE*1 flacone 500 UI + 1 flaconcino 10 ml solv + sistema doppio filtro + ago farfalla;B02BD04 ;Fattore IX di coagulazione del sangue umano liofilizzato;
38541037;HAEMOCTIN*1 flaconcino 1.000 UI + 1 flaconcino 10 ml + siringa;B02BD02 ;Fattore VIII di coagulazione del sangue umano da frazionamento del plasma;
38541013;HAEMOCTIN*1 flaconcino 250 UI + 1 flaconcino 5 ml + siringa;B02BD02 ;Fattore VIII di coagulazione del sangue umano da frazionamento del plasma;
38541025;HAEMOCTIN*1 flaconcino 500 UI + 1 flaconcino 10 ml + siringa;B02BD02 ;Fattore VIII di coagulazione del sangue umano da frazionamento del plasma;
43731013;HARVONI*28 cpr riv 90 mg + 400 mg flacone;J05AX65 ;Ledipasvir/Sofosbuvir;
34956033;HELIXATE NEXGEN*1 flaconcino 1.000 UI + 1 flaconcino solv + kit;B02BD02;Octocog alfa (Fattore VIII di coagulazione, ricombinante);
34956045;HELIXATE NEXGEN*1 flaconcino 2.000 UI + 1 flaconcino solv 5 ml + kit;B02BD02;Octocog alfa (Fattore VIII di coagulazione, ricombinante);
34956019;HELIXATE NEXGEN*1 flaconcino EV 250 UI + 1 flaconcino solv + kit;B02BD02;Octocog alfa (Fattore VIII di coagulazione, ricombinante);
34956058;HELIXATE NEXGEN*1 flaconcino EV 3.000 UI + 1 flaconcino solv + kit;B02BD02;Octocog alfa (Fattore VIII di coagulazione, ricombinante);
34956021;HELIXATE NEXGEN*1 flaconcino EV 500 UI + 1 flaconcino solv + kit;B02BD02;Octocog alfa (Fattore VIII di coagulazione, ricombinante);
39699020;HIROBRIZ BREEZHALER*polv inal 30 cps 150 mcg;R03AC18;Indacaterolo;
39699071;HIROBRIZ BREEZHALER*polv inal 30 cps 300 mcg;R03AC18;Indacaterolo;
33637024;HUMALOG*1 flaconcino SC 1.000 U 10 ml;A10AB04 ;Insulina lispro da DNA ricombinante;
33637051;HUMALOG*5 cartucce SC in penne preriemp 3 ml 100 U/ml;A10AB04 ;Insulina lispro da DNA ricombinante;
33637113;HUMALOG*BASAL 5 cartucce SC in penne preriemp 3 ml 100 U/ml;A10AB04 ;Insulina lispro protamina;
33637277;HUMALOG*KWIKPEN 5 cartucce SC BASAL in penne preriemp 3 ml 100 UI/ml VERDE;A10AC04 ;Insulina lispro protamina;
33637190;HUMALOG*KWIKPEN 5 cartucce SC EV in penne preriemp 3 ml 100 UI/ml BORDEAUX;A10AB04 ;Insulina lispro da DNA ricombinante;
33637354;HUMALOG*KWIKPEN 5 penne SC 200 U/ml 3 ml;A10AB04 ;Insulina lispro da DNA ricombinante;
33637063;HUMALOG*MIX 25 1 fiala SC 1.000 U 10 ml;A10AD04;Insulina lispro da DNA ricomb/insulina lispro protamina;
33637099;HUMALOG*MIX 25 5 cartucce SC in penne preriemp 3 ml 100 UI/ml;A10AD04;Insulina lispro da DNA ricomb/insulina lispro protamina;
33637214;HUMALOG*MIX 25 KWIKPEN 5 cartucce SC in penne preriemp 3 ml 100 UI/ml GIALLO;A10AD04;Insulina lispro da DNA ricomb/insulina lispro protamina;
33637075;HUMALOG*MIX 50 5 cartucce SC in penne preriemp 3 ml 100 UI/ml;A10AD04;Insulina lispro da DNA ricomb/insulina lispro protamina;
33637238;HUMALOG*MIX 50 KWIKPEN 5 cartucce SC in penne preriemp 3 ml 100 UI/ml;A10AD04;Insulina lispro da DNA ricomb/insulina lispro protamina;
25707187;HUMULIN 30/70*1 fiala 1.000 UI 10 ml;A10AD01 ;Insulina umana da DNA ricombinante/insulina umana isofano da DNA ricombinante;
25707035;HUMULIN I*1 fiala SC IM 1.000 UI 10 ml;A10AD01 ;Insulina umana isofano da DNA ricombinante;
25707011;HUMULIN R*1 fiala 1.000 UI 10 ml;A10AD01 ;Insulina umana da DNA ricombinante;
25707365;HUMULIN R*5 cartucce 300 UI 3 ml;A10AD01 ;Insulina umana da DNA ricombinante;
42804031;HYQVIA*1 flaconcino SC 100 ml + 1 flaconcino 5 ml;J06BA01 ;Immunoglobulina umana normale;
42804043;HYQVIA*1 flaconcino SC 200 ml + 1 flaconcino 10 ml;J06BA01 ;Immunoglobulina umana normale;
42804017;HYQVIA*1 flaconcino SC 25 ml + 1 flaconcino 1,25 ml;J06BA01 ;Immunoglobulina umana normale;
42804056;HYQVIA*1 flaconcino SC 300 ml + 1 flaconcino 15 ml;J06BA01 ;Immunoglobulina umana normale;
42804029;HYQVIA*1 flaconcino SC 50 ml + 1 flaconcino 2,5 ml;J06BA01 ;Immunoglobulina umana normale;
42384103;ICOMB*30 cps 10 mg + 10 mg;C09BB07 ;Ramipril/Amlodipina;
42384089;ICOMB*30 cps 10 mg + 5 mg;C09BB07 ;Ramipril/Amlodipina;
42384065;ICOMB*30 cps 5 mg + 10 mg;C09BB07 ;Ramipril/Amlodipina;
42384040;ICOMB*30 cps 5 mg + 5 mg;C09BB07 ;Ramipril/Amlodipina;
5494024;IDROCHINIDINA LIRCA*40 cpr 150 mg; C01BA49 ;Diidrochinidina;
33867021;IGAMAD*1 fiala IM 1.500 UI + 1 fiala solv 2 ml;J06BB01 ;Immunoglobulina umana anti-D;
33863010;IGANTET*1 siringa IM 250 UI 1 ml;J06BB02 ;Immunoglobulina umana antitetanica;
33863022;IGANTET*1 siringa IM 500 UI 2 ml;J06BB02 ;Immunoglobulina umana antitetanica;
35320023;IGANTIBE*1 fiala IM 1.000 UI 5 ml;J06BB04 ;Immunoglobulina umana antiepatite B;
35320011;IGANTIBE*1 fiala IM 3 ml 600 UI/3 ml;J06BB04 ;Immunoglobulina umana antiepatite B;
24769022;IGROTON LOPRESOR*28 cpr riv 25 mg + 200 mg rilascio prolungato; C07CB02 ;Metoprololo/clortalidone;
25653054;IMMUNOHBS*1 fiala IM 1.000 UI 3 ml;J06BB04 ;Immunoglobulina umana antiepatite B;
25653015;IMMUNOHBS*1 fiala IM 180 UI 1 ml;J06BB04 ;Immunoglobulina umana antiepatite B;
25653027;IMMUNOHBS*1 fiala IM 540 UI 3 ml;J06BB04 ;Immunoglobulina umana antiepatite B;
22547018;IMMUNORHO*1 fiala IM 300 mcg + 1 fiala solv 2 ml;J06BB01 ;Immunoglobulina umana anti-D;
22547044;IMMUNORHO*1 siringa IM 300 mcg 2 ml;J06BB01 ;Immunoglobulina umana anti-D;
41578016;IMOLAST*collirio 30 cont monodose 0,1 ml 0,005% + 0,5%;S01ED51;Latanoprost/timololo;
43030030;INCRESYNC*28 cpr riv 12,5 mg + 30 mg;A10BD09 ;Alogliptin/Pioglitazone;
43030218;INCRESYNC*28 cpr riv 25 mg + 30 mg;A10BD09 ;Alogliptin/Pioglitazone;
43374026;INCRUSE*30 dosi polv inalazione 55 mcg;R03BB;Umeclidinio;
36679064;INEGY*30 cpr 10 mg + 10 mg;C10BA02;Ezetimibe/simvastatina;
36679215;INEGY*30 cpr 10 mg + 20 mg;C10BA02;Ezetimibe/simvastatina;
36679367;INEGY*30 cpr 10 mg + 40 mg;C10BA02;Ezetimibe/simvastatina;
29103013;INIBACE PLUS*14 cpr riv 5 mg + 12,5 mg;C09BA08 ;Cilazapril/idroclorotiazide;
29116011;INITISS PLUS*14 cpr 5 mg + 12,5 mg;C09BA08 ;Cilazapril/idroclorotiazide;
34185835;INSUMAN*RAPID 1 flaconcino EV SC 5 ml 100 UI/ml;A10AB01;Insulina umana da DNA ricombinante;
38923951;INSUMAN*RAPID 1 flaconcino SC EV 1.000 UI 10 ml;A10AB01;Insulina umana da DNA ricombinante;
34185850;INSUMAN*RAPID 5 cart EV SC 3 ml 100 UI/ml;A10AB01;Insulina umana da DNA ricombinante;
38923431;INSUMAN*RAPID SOLOSTAR SC 5 penne 3 ml 100 UI/ml;A10AB01;Insulina umana da DNA ricombinante;
16747026;INTRAFER*os gtt 30 ml 50 mg/ml;B03AB;Ferro polimaltosato;
24385395;INTRALIPID*1 sacca biofine EV 500 ml 20 g/100 ml;B05BA02 ;Lipidi di soia/Fosfolipidi di tuorlo d'uovo;
34832319;INTRON A*1 cartuccia SC EV 18.000.000 UI;L03AB05;Interferone alfa 2B;
34832345;INTRON A*1 cartuccia SC EV 30.000.000 UI;L03AB05;Interferone alfa 2B;
34832232;INTRON A*1 fiala SC EV 18.000.000 UI 3 ml;L03AB05;Interferone alfa 2B;
34832271;INTRON A*1 fiala SC EV 25.000.000 UI 2,5 ml;L03AB05;Interferone alfa 2B;
34832194;INTRON A*1 flacone SC EV 10.000.000 UI;L03AB05;Interferone alfa 2B;
37798030;INUVER*polv inal 120 dosi 100 mcg + 6 mcg;R03AK08;Beclometasone/formoterolo;
37798016;INUVER*soluz inal 120 erog 100 mcg + 6 mcg;R03AK08;Beclometasone/formoterolo;
43145022;INVOKANA*30 cpr riv 100 mg;A10BK02;Canagliflozin;
43145061;INVOKANA*30 cpr riv 300 mg;A10BK02;Canagliflozin;
39021074;IPRAMOL*soluz nebul 30 fiale 2,5 ml 0,5 mg + 2,5 mg;R03AL02 ;Salbutamolo/ipratropio bromuro;
41799038;IXED*1 flaconcino EV 1.000 UI + 1 flaconcino solv 10 ml + set infusionale;B02BD04 ;Fattore IX di coagulazione del sangue umano liofilizzato;
38672109;JANUMET*56 cpr riv 50 mg + 1.000 mg;A10BD07;Sitagliptin/metformina;
38672034;JANUMET*56 cpr riv 50 mg + 850 mg;A10BD07;Sitagliptin/metformina;
37793142;JANUVIA*28 cpr riv 100 mg;A10BH01 ;Sitagliptin;
37793027;JANUVIA*28 cpr riv 25 mg;A10BH01 ;Sitagliptin;
37793080;JANUVIA*28 cpr riv 50 mg;A10BH01 ;Sitagliptin;
43443136;JARDIANCE*28 cpr riv 10 mg;A10BK03 ;Empagliflozin;
43443047;JARDIANCE*28 cpr riv 25 mg;A10BK03 ;Empagliflozin;
25166024;KADIUR*20 cpr riv 50 mg + 5 mg;C03EA14 ;Potassio canrenoato/butizide;
43519026;KALYDECO*56 cpr riv 150 mg;R07AX02;Ivacaftor;
23745108;KANRENOL*20 cpr riv 200 mg;C03DA02 ;Potassio canrenoato;
21394022;KAYEXALATE*os rett sosp 454 g;V03AE01;Sodio polistirensolfonato;
41649029;KLOTT*1 flaconcino EV 1.000 UI + 1 flaconcino solv 10 ml + set;B02BD02;Fattore VIII di coagulazione del sangue umano liofilizzato;
34955068;KOGENATE BAYER*1 fiala EV 1.000 UI + 1 siringa + 1 kit;B02BD02;Octocog alfa (Fattore VIII di coagulazione, ricombinante);
34955043;KOGENATE BAYER*1 fiala EV 250 UI + 1 siringa + 1 kit;B02BD02;Octocog alfa (Fattore VIII di coagulazione, ricombinante);
34955056;KOGENATE BAYER*1 fiala EV 500 UI + 1 siringa + 1 kit;B02BD02;Octocog alfa (Fattore VIII di coagulazione, ricombinante);
34955106;KOGENATE BAYER*1 flaconcino 2.000 UI + 1 flaconcino solv 5 ml + kit;B02BD02;Octocog alfa (Fattore VIII di coagulazione, ricombinante);
34955120;KOGENATE BAYER*1 siringa 3.000 UI + 1 flaconcino solv 5 ml;B02BD02;Octocog alfa (Fattore VIII di coagulazione, ricombinante);
23770011;LASITONE*20 cps 25 mg + 37 mg;C03EB01;Furosemide/spironolattone;
43444025;LAVENTAIR*30 dosi polv inal 55 mcg + 22 mcg;R03AL03;Umeclidinio/Vilanterolo;
24542019;LENTOGEST*1 fiala IM 341 mg 2 ml;G03DA03 ;Idrossiprogesterone;
39814013;LEPTOPROL*1 impianto SC 3,6 mg;L02AE02;Leuprorelina;
39814052;LEPTOPROL*1 impianto SC in siringa preriempita 5 mg;L02AE02;Leuprorelina;
38565141;LERCAPREL*28 cpr riv 20 mg + 10 mg;C09BB02;Enalapril/lercanidipina;
38565255;LERCAPREL*28 cpr riv 20 mg + 20 mg;C09BB02;Enalapril/lercanidipina;
44315012;LIXIANA*10 cpr riv 15 mg;B01AF03;Edoxaban;
44315164;LIXIANA*10x1 cpr riv 15 mg dose unitaria;B01AF03;Edoxaban;
44315137;LIXIANA*10x1 cpr riv 30 mg;B01AF03;Edoxaban;
44315265;LIXIANA*10x1 cpr riv 60 mg;B01AF03;Edoxaban;
44315051;LIXIANA*28 cpr riv 30 mg;B01AF03;Edoxaban;
44315188;LIXIANA*28 cpr riv 60 mg;B01AF03;Edoxaban;
44315149;LIXIANA*50x1 cpr riv 30 mg dose unitaria;B01AF03;Edoxaban;
44315277;LIXIANA*50x1 cpr riv 60 mg;B01AF03;Edoxaban;
39181033;LOBIDIUR*28 cpr riv 5 mg + 12,5 mg;C07BB12;Nebivololo/idroclorotiazide;
39181096;LOBIDIUR*28 cpr riv 5 mg + 25 mg;C07BB12;Nebivololo/idroclorotiazide;
42920025;LOJUXTA*28 cps rigide 10 mg flacone;C10AX12;Lomitapide;
42920037;LOJUXTA*28 cps rigide 20 mg flacone;C10AX12;Lomitapide;
42920013;LOJUXTA*28 cps rigide 5 mg flacone;C10AX12;Lomitapide;
42919011;LONQUEX*1 siringa 6 mg 0,6 ml;L03AA14;Lipegfilgrastim;
26756039;LORICIN*1 fiala IM 1 g + 500 mg + 1 fiala solv 3,2 ml;J01CR01;Ampicillina/sulbactam;Fuori commercio dal 28/10/2016
40139103;LOSARTAN E IDROCLOROTIAZIDE*28 cpr riv 100 mg + 12,5 mg;C09DA01;Losartan/idroclorotiazide;
43622012;LOYADA*collirio 30 flaconcini 0,3 ml 15 mcg/ml + 5 mg/ml;S01ED51;Tafluprost/Timololo;
2860017;LUMINALE*10 fiale IM 200 mg 1 ml;N03AA02;Fenobarbital;
2860031;LUMINALE*20 cpr 100 mg;N03AA02;Fenobarbital;
2860043;LUMINALE*30 cpr 15 mg;N03AA02;Fenobarbital;
34951044;LUVERIS*1 flaconcino SC 75 UI + 1 flaconcino solv;G03GA07;Lutropina alfa;
34951057;LUVERIS*3 flaconcini SC 75 UI + 3 flaconcini solv;G03GA07;Lutropina alfa;
36560011;LYSODREN*100 cpr 500 mg flacone;L01XX23 ;Mitotano;
42657015;LYXUMIA*1 cartuccia SC in penna preriemp 3 ml 10 mcg;A10BJ03 ;Lixisenatide;
42657054;LYXUMIA*1 cartuccia SC in penna preriemp 3 ml 10 mcg + 1 cartuccia SC in penna preriemp 3 ml 20 mcg;A10BJ03 ;Lixisenatide;
42657039;LYXUMIA*2 cartucce SC in penna preriemp 3 ml 20 mcg;A10BJ03 ;Lixisenatide;
23142058;MADOPAR*30 cpr dispers 100 mg + 25 mg;N04BA02 ;Levodopa/benserazide;
23142019;MADOPAR*30 cps 100 mg + 25 mg;N04BA02 ;Levodopa/benserazide;
23142045;MADOPAR*30 cps 100 mg + 25 mg rilascio prolungato;N04BA02 ;Levodopa/benserazide;
28899021;MAXIPIME*1 fiala IM EV 1 g + 1 fiala solv 3 ml;J01DE01;Cefepime;
28899019;MAXIPIME*1 fiala IM EV 500 mg + 1 fiala solv 1,5 ml;J01DE01;Cefepime;
37734023;MESAVANCOL*120 cpr gastrores 1.200 mg rilascio prolungato;A07EC02;Mesalazina;
37734011;MESAVANCOL*60 cpr gastrores 1.200 mg rilascio prolungato;A07EC02;Mesalazina;
29316041;MISOFENAC*30 cpr 75 mg + 200 mcg;M01AB55;Diclofenac/misoprostolo;
23070016;MODURETIC*20 cpr 5 mg + 50 mg;C03EA01;Amiloride/idroclorotiazide;
28142038;MONONINE*1 fiala EV 1.000 UI + 1 fiala solv 10 ml + kit;B02BD04 ;Fattore IX di coagulazione del sangue umano liofilizzato;
28142026;MONONINE*1 fiala EV 500 UI + 1 fiala solv 5 ml + kit;B02BD04 ;Fattore IX di coagulazione del sangue umano liofilizzato;
29611047;MORFINA CLORIDRATO*1 fiala 10 mg 1 ml;N02AA01 ;Morfina cloridrato;
29611050;MORFINA CLORIDRATO*1 fiala 20 mg 1 ml;N02AA01 ;Morfina cloridrato;
29611124;MORFINA CLORIDRATO*1 fiala 50 mg 5 ml;N02AA01 ;Morfina cloridrato;
30798033;MORFINA CLORIDRATO*1 fiala SC IM EV 10 mg 1 ml;N02AA01 ;Morfina cloridrato;
30798045;MORFINA CLORIDRATO*1 fiala SC IM EV 20 mg 1 ml;N02AA01 ;Morfina cloridrato;
29611023;MORFINA CLORIDRATO*5 fiale 10 mg 1 ml;N02AA01 ;Morfina cloridrato;
30677013;MORFINA CLORIDRATO*5 fiale 10 mg 1 ml;N02AA01 ;Morfina cloridrato;
29611035;MORFINA CLORIDRATO*5 fiale 20 mg 1 ml;N02AA01 ;Morfina cloridrato;
30677025;MORFINA CLORIDRATO*5 fiale 20 mg 1 ml;N02AA01 ;Morfina cloridrato;
30798019;MORFINA CLORIDRATO*5 fiale SC IM EV 10 mg 1 ml;N02AA01 ;Morfina cloridrato;
30798021;MORFINA CLORIDRATO*5 fiale SC IM EV 20 mg 1 ml;N02AA01 ;Morfina cloridrato;
36511032;MYFORTIC*100 cpr gastrores 180 mg;L04AA06;Micofenolato sodico;
36511069;MYFORTIC*50 cpr gastrores 360 mg;L04AA06;Micofenolato sodico;
36163018;NAEMIS*10 cpr rosa 1,5 mg e 14 cpr bianche 1,5 mg + 3,75 mg;G03FB12 ;Estradiolo/nomegestrolo;
36737029;NAOS*os nebul 30 monodosi 0,5 ml 1,875 mg/0,5 ml + 0,375 mg/0,5 ml;R03AL02;Salbutamolo/ipratropio bromuro;
19969029;NEOCYTAMEN*6 fiale IM EV OS 1.000 mcg;B03BA03;Idroxocobalamina;
34430355;NEORECORMON*1 siringa EV SC 10.000 UI;B03XA01 ;Epoetina beta;
34430292;NEORECORMON*1 siringa EV SC 2.000 UI;B03XA01 ;Epoetina beta;
34430316;NEORECORMON*1 siringa EV SC 3.000 UI;B03XA01 ;Epoetina beta;
34430456;NEORECORMON*1 siringa EV SC 30.000 UI;B03XA01 ;Epoetina beta;
34430417;NEORECORMON*1 siringa EV SC 4.000 UI;B03XA01 ;Epoetina beta;
34430330;NEORECORMON*1 siringa EV SC 5.000 UI;B03XA01 ;Epoetina beta;
34430431;NEORECORMON*1 siringa EV SC 6.000 UI;B03XA01 ;Epoetina beta;
35268010;NERIXIA*1 fiala IM EV 25 mg;M05BA ;Sodio neridronato;
36743019;NIFEREX*50 cps gastrores 100 mg;B03AA01 ;Ferroso glicina solfato;
29120021;NIMEDEX*30 bust grat 400 mg;M01AX17;Nimesulide betaciclodestrina;
39182035;NOBIZIDE*28 cpr riv 5 mg + 12,5 mg;C07BB12 ;Nebivololo/idroclorotiazide;
39182098;NOBIZIDE*28 cpr riv 5 mg + 25 mg;C07BB12 ;Nebivololo/idroclorotiazide;
25871031;NORMOPRESS*30 cpr div 100 mg + 2,5 mg;C07CB03;Atenololo/indapamide;
43153030;NOVOEIGHT*1 flaconcino EV 1.000 UI + 1 siringa solv 4 ml;B02BD02;Turoctocog Alfa;
43153042;NOVOEIGHT*1 flaconcino EV 1.500 UI + 1 siringa solv 4 ml;B02BD02;Turoctocog Alfa;
43153055;NOVOEIGHT*1 flaconcino EV 2.000 UI + 1 siringa solv 4 ml;B02BD02;Turoctocog Alfa;
43153016;NOVOEIGHT*1 flaconcino EV 250 UI + 1 siringa solv 4 ml;B02BD02;Turoctocog Alfa;
43153067;NOVOEIGHT*1 flaconcino EV 3.000 UI + 1 siringa solv 4 ml;B02BD02;Turoctocog Alfa;
43153028;NOVOEIGHT*1 flaconcino EV 500 UI + 1 siringa solv 4 ml;B02BD02;Turoctocog Alfa;
43534039;NUWIQ*1 flaconcino EV 1.000 UI + 1 siringa solv 2,5 ml;B02BD02 ;Simoctocog Alfa;
43534041;NUWIQ*1 flaconcino EV 2000 UI + 1 siringa solv 2,5 ml;B02BD02 ;Simoctocog Alfa;
43534015;NUWIQ*1 flaconcino EV 250 UI + 1 siringa solv 2,5 ml;B02BD02 ;Simoctocog Alfa;
43534027;NUWIQ*1 flaconcino EV 500 UI + 1 siringa solv 2,5 ml;B02BD02 ;Simoctocog Alfa;
40112031;OCTANATE*1 flaconcino EV 1.000 UI + 1 flaconcino solv 10 ml (100UI/ml);B02BD02 ;Fattore VIII umano di coagulazione/fattore di Von Willebrand;
40092025;OCTANINE*1 flaconcino polv 1000 UI + 1 flaconcino solv 10 ml;B02BD04 ;Fattore IX di coagulazione del sangue umano liofilizzato;
37110020;OLMEGAN*28 cpr riv 20 mg + 12,5 mg;C09DA08 ;Olmesartan medoxomil/idroclorotiazide;
37110133;OLMEGAN*28 cpr riv 20 mg + 25 mg;C09DA08 ;Olmesartan medoxomil/idroclorotiazide;
37110246;OLMEGAN*28 cpr riv 40 mg + 12,5 mg;C09DA08 ;Olmesartan medoxomil/idroclorotiazide;
37110362;OLMEGAN*28 cpr riv 40 mg + 25 mg;C09DA08 ;Olmesartan medoxomil/idroclorotiazide;
37109028;OLPREZIDE*28 cpr riv 20 mg + 12,5 mg;C09DA08 ;Olmesartan medoxomil/idroclorotiazide;
37109131;OLPREZIDE*28 cpr riv 20 mg + 25 mg;C09DA08 ;Olmesartan medoxomil/idroclorotiazide;
37109244;OLPREZIDE*28 cpr riv 40 mg + 12,5 mg;C09DA08 ;Olmesartan medoxomil/idroclorotiazide;
37109360;OLPREZIDE*28 cpr riv 40 mg + 25 mg;C09DA08 ;Olmesartan medoxomil/idroclorotiazide;
43441029;OLYSIO*28 cps 150 mg;J05AE14;Simeprevir;
43441017;OLYSIO*7 cps 150 mg;J05AE14;Simeprevir;
39664026;ONBREZ BREEZHALER*polv inal 30 cps 150 mcg;R03AC18 ;Indacaterolo;
39664077;ONBREZ BREEZHALER*polv inal 30 cps 300 mcg;R03AC18 ;Indacaterolo;
21510019;ONCO CARBIDE*20 cps 500 mg;L01XX05 ;Idroxicarbamide;
43174022;OPSUMIT*30 cpr riv 10 mg;C02KX04 ;Macitentan;
39857026;ORALAIR*30 cpr subl 300 IR;V01AA02 ;Polline graminacee phleum pratense/Dactylis glomerata/Anthoxanthum odoratum/Lolium perenne/Poa pratensis;
39857014;ORALAIR*31 cpr subl 100 IR - 300 IR;V01AA02 ;Polline graminacee phleum pratense/Dactylis glomerata/Anthoxanthum odoratum/Lolium perenne/Poa pratensis;
39857038;ORALAIR*90 cpr subl 300 IR;V01AA02 ;Polline graminacee phleum pratense/Dactylis glomerata/Anthoxanthum odoratum/Lolium perenne/Poa pratensis;
27002043;ORAXIM*os sosp grat 100 ml 125 mg/5 ml;J01DC02 ;Cefuroxima;
27002070;ORAXIM*os sosp grat 50 ml 250 mg/5 ml;J01DC02 ;Cefuroxima;
38540011;OSVAREN*180 cpr riv 435 mg + 235 mg;V03AE04;Calcio acetato/magnesio carbonato;
43029014;OVALEAP*1 cartuccia SC 300 UI/0,5 ml + 10 aghi;G03GA05 ;Follitropina alfa da DNA ricombinante;
43029026;OVALEAP*1 cartuccia SC 450 UI/0,75 ml + 10 aghi;G03GA05 ;Follitropina alfa da DNA ricombinante;
43029038;OVALEAP*1 cartuccia SC 900 UI/1,5 ml + 20 aghi;G03GA05 ;Follitropina alfa da DNA ricombinante;
35188085;OVITRELLE*1 penna 250 mcg 0,5 ml + 1 ago;G03GA08 ;Coriogonadotropina alfa;
42060184;OXICODONE*28 cpr 10 mg rilascio prolungato;N02AA05 ;Oxicodone;
42060323;OXICODONE*28 cpr 20 mg rilascio prolungato;N02AA05 ;Oxicodone;
42060463;OXICODONE*28 cpr 40 mg rilascio prolungato;N02AA05 ;Oxicodone;
41263031;OXICODONE*28 cpr 40 mg rilascio prolungato;N02AA05 ;Oxicodone;
42060044;OXICODONE*28 cpr 5 mg rilascio prolungato;N02AA05 ;Oxicodone;
41263157;OXICODONE*28 cpr 60 mg rilascio prolungato;N02AA05 ;Oxicodone;
42060602;OXICODONE*28 cpr 80 mg rilascio prolungato;N02AA05 ;Oxicodone;
41263272;OXICODONE*28 cpr 80 mg rilascio prolungato;N02AA05 ;Oxicodone;
27439037;OXIVENT*soluz nebul 20 ml 1,5 mg/ml;R03BB02 ;Oxitropio bromuro;
34435014;OXYCONTIN*28 cpr 10 mg rilascio prolungato;N02AA05 ;Oxicodone;
34435077;OXYCONTIN*28 cpr 20 mg rilascio prolungato;N02AA05 ;Oxicodone;
34435139;OXYCONTIN*28 cpr 40 mg rilascio prolungato;N02AA05 ;Oxicodone;
34435267;OXYCONTIN*28 cpr 5 mg rilascio prolungato;N02AA05 ;Oxicodone;
34435192;OXYCONTIN*28 cpr 80 mg rilascio prolungato;N02AA05 ;Oxicodone;
40422545;PALEXIA*30 cpr 100 mg rilascio prolungato;N02AX06 ;Tapentadolo;
40422661;PALEXIA*30 cpr 150 mg rilascio prolungato;N02AX06 ;Tapentadolo;
40422786;PALEXIA*30 cpr 200 mg rilascio prolungato;N02AX06 ;Tapentadolo;
40422901;PALEXIA*30 cpr 250 mg rilascio prolungato;N02AX06 ;Tapentadolo;
40422420;PALEXIA*30 cpr 50 mg rilascio prolungato;N02AX06 ;Tapentadolo;
40423840;PALEXIA*40 cpr 25 mg rilascio prolungato;N02AX06 ;Tapentadolo;
8096024;PARACODINA SCIROPPO*1 flacone 100 g sciroppo 12 mg/5 ml + 12 mg/5 ml; R05DA20 ;Diidrocodeina/acido benzoico;
43322054;PARVATI*28 cps 10 mg + 10 mg;C09BB07 ;Ramipril/Amlodipina;
43322039;PARVATI*28 cps 10 mg + 5 mg;C09BB07 ;Ramipril/Amlodipina;
43322041;PARVATI*28 cps 5 mg + 10 mg;C09BB07 ;Ramipril/Amlodipina;
43322027;PARVATI*28 cps 5 mg + 5 mg;C09BB07 ;Ramipril/Amlodipina;
35683097;PEGASYS*1 penna SC 135 mcg 0,5 ml;L03AB11 ;Peginterferone alfa 2A;
35683123;PEGASYS*1 penna SC 180 mcg 0,5 ml;L03AB11 ;Peginterferone alfa 2A;
35683059;PEGASYS*1 siringa SC 135 mcg 0,5 ml + ago;L03AB11 ;Peginterferone alfa 2A;
35683073;PEGASYS*1 siringa SC 180 mcg 0,5 ml + ago;L03AB11 ;Peginterferone alfa 2A;
35683150;PEGASYS*1 siringa SC 90 mcg 0,5 ml + ago;L03AB11 ;Peginterferone alfa 2A;
34852119;PEGINTRON*1 fiala SC 100 mcg + 1 fiala solv;L03AB10;Peginterferone alfa 2B;
34852160;PEGINTRON*1 fiala SC 120 mcg + 1 fiala solv;L03AB10;Peginterferone alfa 2B;
34852210;PEGINTRON*1 fiala SC 150 mcg + 1 fiala solv;L03AB10;Peginterferone alfa 2B;
34852018;PEGINTRON*1 fiala SC 50 mcg + 1 fiala solv;L03AB10;Peginterferone alfa 2B;
34852069;PEGINTRON*1 fiala SC 80 mcg + 1 fiala solv;L03AB10;Peginterferone alfa 2B;
34852398;PEGINTRON*1 penna CLEARCLICK SC 100 mcg 0,5 ml + 1 ago + 2 tamponi detergenti;L03AB10;Peginterferone alfa 2B;
34852436;PEGINTRON*1 penna SC 120 mcg + 1 ago + 2 tamponi detergenti;L03AB10;Peginterferone alfa 2B;
34852475;PEGINTRON*1 penna SC 150 mcg + 1 ago + 2 tamponi detergenti;L03AB10;Peginterferone alfa 2B;
34852311;PEGINTRON*1 penna SC 50 mcg + 1 ago + 2 tamponi detergenti;L03AB10;Peginterferone alfa 2B;
34852350;PEGINTRON*1 penna SC 80 mcg + 1 ago + 2 tamponi detergenti;L03AB10;Peginterferone alfa 2B;
26925127;PENTACOL 2*14 g schiuma rett + 7 cannule rett;A07EC02;Mesalazina;
26925115;PENTACOL 4*28 g schiuma rett + 7 cannule rett;A07EC02;Mesalazina;
26925038;PENTACOL*20 bust polv 1,5 g sosp rett;A07EC02;Mesalazina;
38085015;PERGOVERIS*1 flaconcino SC 150 UI + 75 UI + 1 flaconcino 1 ml;G03GA30;Follitropina alfa/lutropina alfa;
38085039;PERGOVERIS*10 flaconcini SC 150 UI + 75 UI + 10 flaconcini 1 ml;G03GA30;Follitropina alfa/lutropina alfa;
40114023;PERINDOPRIL INDAPAMIDE*30 cpr 2 mg + 0,625 mg;C09BA04;Perindopril/indapamide;
40114062;PERINDOPRIL INDAPAMIDE*30 cpr 4 mg + 1,25 mg;C09BA04;Perindopril/indapamide;
38697013;PHOSLO*200 cps 667 mg;V03AE07 ;Calcio acetato;Fuori commercio dal 02/02/2017
42513010;PICATO*gel derm 0,47 g 150 mcg/g 3 tubetti;D06BX02 ;Ingenolo mebutato;
42513022;PICATO*gel derm 0,47 g 500 mcg/g 2 tubetti;D06BX02 ;Ingenolo mebutato;
13967056;PLAQUENIL*30 cpr riv 200 mg;P01BA02;Idroxiclorochina;
37108026;PLAUNAZIDE*28 cpr riv 20 mg + 12,5 mg;C09DA08 ;Olmesartan medoxomil/idroclorotiazide;
37108139;PLAUNAZIDE*28 cpr riv 20 mg + 25 mg;C09DA08 ;Olmesartan medoxomil/idroclorotiazide;
37108242;PLAUNAZIDE*28 cpr riv 40 mg + 12,5 mg;C09DA08 ;Olmesartan medoxomil/idroclorotiazide;
37108368;PLAUNAZIDE*28 cpr riv 40 mg + 25 mg;C09DA08 ;Olmesartan medoxomil/idroclorotiazide;
43527023;PLEGRIDY*1 penna SC 63 mcg 0,5 ml + 1 penna 94 mcg 0,5 ml;L03AB13 ;Peginterferone beta 1A;
43527011;PLEGRIDY*1 siringa SC 63 mcg 0,5 ml+ 1 siringa 94 mcg 0,5 ml;L03AB13 ;Peginterferone beta 1A;
43527050;PLEGRIDY*2 penne preriempite 125 mcg 0,5 ml;L03AB13 ;Peginterferone beta 1A;
43527035;PLEGRIDY*2 siringhe preriempite 125 mcg 0,5 ml;L03AB13 ;Peginterferone beta 1A;
31120013;PLENAER*soluz nebul 20 flaconcini 0,5 mg + 20 flaconcini 0,5 mg;R03AK;Salbutamolo/flunisolide;
41465016;POLITRATE*1 flaconcino 3,75 mg + 1 siringa 2 ml rilascio prolungato;L02AE02 ;Leuprorelina;
38451050;PRADAXA*10x1 cps 110 mg;B01AE07 ;Dabigatran;
38451011;PRADAXA*10x1 cps 75 mg;B01AE07 ;Dabigatran;
38451062;PRADAXA*30x1 cps 110 mg;B01AE07 ;Dabigatran;
38451023;PRADAXA*30x1 cps 75 mg;B01AE07 ;Dabigatran;
38451074;PRADAXA*60x1 cps 110 mg;B01AE07 ;Dabigatran;
38451112;PRADAXA*60x1 cps 150 mg;B01AE07 ;Dabigatran;
29243019;PRILACE*14 cpr 5 mg + 6 mg;C09BA05;Ramipril/piretanide;
5375062;PROLUTON*1 fiala IM 250 mg 1 ml; G03D;Idrossiprogesterone;
35935030;PROTAPHANE*1 flaconcino SC 1.000 UI 10 ml;A10AC01 ;Insulina umana isofano da DNA ricombinante;
23288032;PROTROMPLEX TIM3*1 fiala EV 600 UI + 1 fiala solv 20 ml;B02BD01;Complesso protrombinico umano;
24748042;PROVERTINUM*1 flaconcino EV 600 UI + 1 flaconcino 10 ml;B02BD05 ;Fattore VII di coagulazione del sangue umano liofilizzato;
41527019;PYLERA*120 cps 140 mg + 125 mg + 125 mg;A02BD08 ;Bismuto subcitrato potassio/metronidazolo/tetraciclina cloridrato;
43313055;RAMANTAL*28 cps 10 mg + 10 mg;C09BB07 ;Ramipril/Amlodipina;
43313030;RAMANTAL*28 cps 10 mg + 5 mg;C09BB07 ;Ramipril/Amlodipina;
43313042;RAMANTAL*28 cps 5 mg + 10 mg;C09BB07 ;Ramipril/Amlodipina;
43313028;RAMANTAL*28 cps 5 mg + 5 mg;C09BB07 ;Ramipril/Amlodipina;
39001122;RASILEZ HCT*28 cpr riv 150 mg + 12,5 mg;C09XA52;Aliskiren/idroclorotiazide;
39001526;RASILEZ HCT*28 cpr riv 300 mg + 12,5 mg;C09XA52;Aliskiren/idroclorotiazide;
39001728;RASILEZ HCT*28 cpr riv 300 mg + 25 mg;C09XA52;Aliskiren/idroclorotiazide;
34091165;REBIF*12 penne SC 12.000.000 UI 44 mcg;L03AB07;Interferone Beta 1A;
34091138;REBIF*12 penne SC 6.000.000 UI 22 mcg;L03AB07;Interferone Beta 1A;
34091064;REBIF*12 siringhe SC 12.000.000 UI 44 mcg;L03AB07;Interferone beta 1A;
34091037;REBIF*12 siringhe SC 6.000.000 UI 22 mcg;L03AB07;Interferone beta 1A;
34091076;REBIF*4 cartucce SC 12.000.000 UI/ml 1,5 ml;L03AB07;Interferone beta 1A;
34091088;REBIF*4 cartucce SC 24.000.000 UI/ml 1,5 ml;L03AB07;Interferone beta 1A;
34091177;REBIF*6 penne SC 0,2 ml 2,4.000.000 UI 8,8 mcg + 6 penne SC 0,5 ml 6.000.000 UI 22 mcg;L03AB07;Interferone Beta 1A;
28687034;RECOMBINATE*1 flacone EV 1.000 UI + 1 flacone solv 10 ml;B02BD02;Octocog alfa (Fattore VIII di coagulazione, ricombinante);
28687010;RECOMBINATE*1 flacone EV 250 UI + 1 flacone solv 10 ml;B02BD02;Octocog alfa (Fattore VIII di coagulazione, ricombinante);
28687022;RECOMBINATE*1 flacone EV 500 UI + 1 flacone solv 10 ml;B02BD02;Octocog alfa (Fattore VIII di coagulazione, ricombinante);
34421038;REFACTO AF*1 flaconcino EV 1.000 UI + 1 siringa 4 ml;B02BD02;Moroctocog alfa (Fattore VIII di coagulazione, ricombinante);
34421040;REFACTO AF*1 flaconcino EV 2.000 UI + 1 siringa 4 ml;B02BD02;Moroctocog alfa (Fattore VIII di coagulazione, ricombinante);
34421014;REFACTO AF*1 flaconcino EV 250 UI + 1 siringa 4 ml;B02BD02;Moroctocog alfa (Fattore VIII di coagulazione, ricombinante);
34421026;REFACTO AF*1 flaconcino EV 500 UI + 1 siringa 4 ml;B02BD02;Moroctocog alfa (Fattore VIII di coagulazione, ricombinante);
34421077;REFACTO AF*1 siringa preriempita EV 1.000 UI + solv 4 ml + kit per infusione;B02BD02;Moroctocog alfa (Fattore VIII di coagulazione, ricombinante);
34421089;REFACTO AF*1 siringa preriempita EV 2.000 UI + solv 4 ml + kit per infusione;B02BD02;Moroctocog alfa (Fattore VIII di coagulazione, ricombinante);
34421091;REFACTO AF*1 siringa preriempita EV 250 UI + solv 4 ml + Kit per infusione;B02BD02;Moroctocog alfa (Fattore VIII di coagulazione, ricombinante);
34421053;REFACTO AF*1 siringa preriempita EV 3.000 UI + solv 4ml + Kit per infusione;B02BD02;Moroctocog alfa (Fattore VIII di coagulazione, ricombinante);
34421065;REFACTO AF*1 siringa preriempita EV 500 UI + solv 4 ml + Kit per infusione;B02BD02;Moroctocog alfa (Fattore VIII di coagulazione, ricombinante);
38600033;RELISTOR*7 flaconcini SC 12 mg 0,6 ml + 7 siringhe;A06AH01;Metilnaltrexone;
43154057;RELVAR ELLIPTA*polv inal 184 mcg + 22 mcg 30 dosi;R03AK10;Fluticasone/Vilanterolo;
43154020;RELVAR ELLIPTA*polv inal 92 mcg + 22 mcg 30 dosi;R03AK10;Fluticasone/Vilanterolo;
38381012;RETACRIT*1 siringa SC EV 1.000 UI 0,3 ml;B03XA01 ;Epoetina zeta;
38381265;RETACRIT*1 siringa SC EV 1.000 UI 0,3 ml;B03XA01 ;Epoetina zeta;
38381152;RETACRIT*1 siringa SC EV 10.000 UI 1 ml;B03XA01 ;Epoetina zeta;
38381404;RETACRIT*1 siringa SC EV 10.000 UI 1 ml con protezione ago;B03XA01 ;Epoetina zeta;
38381036;RETACRIT*1 siringa SC EV 2.000 UI 0,6 ml;B03XA01 ;Epoetina zeta;
38381289;RETACRIT*1 siringa SC EV 2.000 UI 0,6 ml;B03XA01 ;Epoetina zeta;
38381176;RETACRIT*1 siringa SC EV 20.000 UI 0,5 ml;B03XA01 ;Epoetina zeta;
38381428;RETACRIT*1 siringa SC EV 20.000 UI 0,5 ml;B03XA01 ;Epoetina zeta;
38381051;RETACRIT*1 siringa SC EV 3.000 UI 0,9 ml;B03XA01 ;Epoetina zeta;
38381303;RETACRIT*1 siringa SC EV 3.000 UI 0,9 ml;B03XA01 ;Epoetina zeta;
38381188;RETACRIT*1 siringa SC EV 30.000 UI 0,75 ml;B03XA01 ;Epoetina zeta;
38381430;RETACRIT*1 siringa SC EV 30.000 UI 0,75 ml;B03XA01 ;Epoetina zeta;
38381075;RETACRIT*1 siringa SC EV 4.000 UI 0,4 ml;B03XA01 ;Epoetina zeta;
38381327;RETACRIT*1 siringa SC EV 4.000 UI 0,4 ml;B03XA01 ;Epoetina zeta;
38381190;RETACRIT*1 siringa SC EV 40.000 UI 1 ml;B03XA01 ;Epoetina zeta;
38381442;RETACRIT*1 siringa SC EV 40.000 UI 1 ml;B03XA01 ;Epoetina zeta;
38381099;RETACRIT*1 siringa SC EV 5.000 UI 0,5 ml;B03XA01 ;Epoetina zeta;
38381341;RETACRIT*1 siringa SC EV 5.000 UI 0,5 ml;B03XA01 ;Epoetina zeta;
38381113;RETACRIT*1 siringa SC EV 6.000 UI 0,6 ml;B03XA01 ;Epoetina zeta;
38381366;RETACRIT*1 siringa SC EV 6.000 UI 0,6 ml;B03XA01 ;Epoetina zeta;
38381137;RETACRIT*1 siringa SC EV 8.000 UI 0,8 ml;B03XA01 ;Epoetina zeta;
38381380;RETACRIT*1 siringa SC EV 8.000 UI 0,8 ml;B03XA01 ;Epoetina zeta;
43446057;REVINTY ELLIPTA*polv inal 184 mcg + 22 mcg 30 dosi;R03AK10 ;Fluticasone/Vilanterolo;
43446020;REVINTY ELLIPTA*polv inal 92 mcg + 22 mcg 30 dosi;R03AK10 ;Fluticasone/Vilanterolo;
39596010;RHESONATIV*1 fiala IM 1 ml 625 UI/ml;J06BB01 ;Immunoglobulina umana anti-D;
39596022;RHESONATIV*1 fiala IM 2 ml 625 UI/ml;J06BB01 ;Immunoglobulina umana anti-D;
25189010;RIDAURA*30 cpr riv 3 mg;M01CB03;Auranofina;
26981011;RIFATER*40 cpr riv 50 mg + 300 mg + 120 mg;J04AM05 ;Isoniazide/pirazinamide/rifampicina;
25377033;RIFINAH*24 cpr riv 300 mg + 150 mg;J04AM02 ;Rifampicina/isoniazide;
39520022;RILOVANS*12 cpr riv 35 mg;M05BA07 ;Sodio risedronato;
36928024;RIMSTAR*60 cpr riv 150 mg + 75 mg + 400 mg + 275 mg;J04AM06 ;Rifampicina/isoniazide/pirazinamide/etambutolo cloridrato;
25839111;ROFERON A*1 siringa SC 3.000.000 UI 0,5 ml;L03AB04;Interferone alfa 2A;
25839212;ROFERON A*1 siringa SC 6.000.000 UI 0,5 ml;L03AB04;Interferone alfa 2A;
25839263;ROFERON A*1 siringa SC 9.000.000 UI 0,5 ml;L03AB04;Interferone alfa 2A;
41500012;ROLENIUM*polv inal 60 dosi 50 mcg + 250 mcg;R03AK06;Salmeterolo/fluticasone;
41500024;ROLENIUM*polv inal 60 dosi 50 mcg + 500 mcg;R03AK06;Salmeterolo/fluticasone;
27443011;SABRIL*50 cpr riv 500 mg;N03AG04;Vigabatrin;
27443047;SABRIL*os grat 50 bust 500 mg;N03AG04;Vigabatrin;
42924011;SANCUSO*1 cerotto transdermico 3,1 mg/24 die;A04AA02;Granisetrone;
34668018;SELEDIE*2 siringhe SC 11.400 UI 0,6 ml;B01AB06 ;Nadroparina;
34668044;SELEDIE*2 siringhe SC 15.200 UI 0,8 ml;B01AB06 ;Nadroparina;
34668071;SELEDIE*2 siringhe SC 19.000 UI 1 ml;B01AB06 ;Nadroparina;
26738070;SELEPARINA*10 siringhe SC 5.700 UI 0,6 ml;B01AB06 ;Nadroparina;
26738094;SELEPARINA*10 siringhe SC 7.600 UI 0,8 ml;B01AB06 ;Nadroparina;
26738118;SELEPARINA*10 siringhe SC 9.500 UI 1 ml;B01AB06 ;Nadroparina;
26738017;SELEPARINA*6 siringhe SC 2.850 UI 0,3 ml;B01AB06 ;Nadroparina;
26738056;SELEPARINA*6 siringhe SC 3.800 UI 0,4 ml;B01AB06 ;Nadroparina;
34371043;SERETIDE*DISKUS polv inal 60 dosi 50/100 mcg;R03AK06 ;Salmeterolo/fluticasone;
34371056;SERETIDE*DISKUS polv inal 60 dosi 50/250 mcg;R03AK06 ;Salmeterolo/fluticasone;
34371068;SERETIDE*DISKUS polv inal 60 dosi 50/500 mcg;R03AK06 ;Salmeterolo/fluticasone;
34371118;SERETIDE*sosp inal 120 erog 25/125 mcg;R03AK06 ;Salmeterolo/fluticasone;
34371120;SERETIDE*sosp inal 120 erog 25/250 mcg;R03AK06 ;Salmeterolo/fluticasone;
34371106;SERETIDE*sosp inal 120 erog 25/50 mcg;R03AK06 ;Salmeterolo/fluticasone;
38983021;SEVIKAR*28 cpr riv 20 mg + 5 mg;C09DB02;Olmesartan medoxomil/amlodipina;
38983247;SEVIKAR*28 cpr riv 40 mg + 10 mg;C09DB02;Olmesartan medoxomil/amlodipina;
38983161;SEVIKAR*28 cpr riv 40 mg + 5 mg;C09DB02;Olmesartan medoxomil/amlodipina;
33816012;SICCAFLUID*gel oftalm 10 g 2,5 mg/g;S01XA20;Carbomer;
33816048;SICCAFLUID*gel oftalm 30 monodosi 0,5 g 2,5 mg/g;S01XA20;Carbomer;
33120092;SIGMACILLINA*1 siringa 1.200.000 UI 2,5 ml;J01CE08 ;Benzilpenicillina benzatinica;
39775046;SILODYX*30 cps 4 mg;G04CA04 ;Silodosina;
39775111;SILODYX*30 cps 8 mg;G04CA04 ;Silodosina;
26396046;SINARTROL*20 cpr 30 mg;M01AC01 ;Cinnoxicam;
23145028;SINEMET*50 cpr 100 mg + 25 mg;N04BA02 ;Levodopa/carbidopa;
35260064;SINESTIC*TURBOHALER polv inal 120 dosi 160 mcg + 4,5 mcg;R03AK07 ;Budesonide/formoterolo;
35260215;SINESTIC*TURBOHALER polv inal 60 dosi 320 mcg + 9 mcg;R03AK07 ;Budesonide/formoterolo;
35625019;SIRIO*30 cpr eff 12,5 mg + 125 mg flacone;N04BA05;Melevodopa/carbidopa;
35625021;SIRIO*30 cpr eff 25 mg + 100 mg flacone;N04BA05;Melevodopa/carbidopa;
35625060;SIRIO*60 cpr eff 12,5 mg + 125 mg;N04BA05;Melevodopa/carbidopa;
35625072;SIRIO*60 cpr eff 25 mg + 100 mg;N04BA05;Melevodopa/carbidopa;
33984042;SODIO VALPROATO*30 cpr 300 mg rilascio prolungato;N03AG01;Acido valproico/sodio valproato;
33984055;SODIO VALPROATO*30 cpr 500 mg rilascio prolungato;N03AG01;Acido valproico/sodio valproato;
39564012;SORBISTERIT*os rett polv 500 g;V03AE01 ;Calcio polistirensolfonato;
43196017;SOVALDI*28 cpr riv 400 mg flacone;J05AX15;Sofosbuvir;
28580037;SPASMODIL*6 fiale IM EV 10 mg 1 ml;A03AA;Pipetanato;
42876072;SPEDRA*12 cpr 100 mg;G04BE10 ;Avanafil;
42876108;SPEDRA*12 cpr 200 mg;G04BE10 ;Avanafil;
43661014;SPIOLTO RESPIMAT*soluz inal 1 inalatore 2,5 mcg + 2,5 mcg da 60 erogazioni;R03AL06 ;Tiotropio/Olodaterolo;
22447015;SPIRIDAZIDE*20 cps 25 mg + 25 mg;C03EA01 ;Spironolattone/idroclorotiazide;
38880011;SPIRIVA RESPIMAT*soluz inal 60 erogazioni 2,5 mcg;R03BB04 ;Tiotropio;
35668058;SPIRIVA*30 cps 18 mcg handihaler;R03BB04;Tiotropio;
23749017;SPIROFUR*10 cps 50 mg + 20 mg;C03EB01;Furosemide/spironolattone;
23749056;SPIROFUR*20 cps 50 mg + 20 mg;C03EB01;Furosemide/spironolattone;
42925026;STIVARGA*84 cpr riv 40 mg flacone;L01XE21;Regorafenib;
42432017;STRIVERDI RESPIMAT*soluz inal 30 dosi 2,5 mcg;R03AC19;Olodaterolo;
37604016;SUBOXONE*7 cpr sublinguali 2 mg + 0,5 mg;N07BC51 ;Buprenorfina/naloxone;
37604030;SUBOXONE*7 cpr sublinguali 8 mg + 2 mg;N07BC51 ;Buprenorfina/naloxone;
27174010;SUGUAN M*40 cpr riv 2,5 mg + 400 mg;A10BD02 ;Metformina/glibenclamide;
35267018;SUMMA*28 cpr div 30 mg + 10 mg flacone;C09BB12 ;Delapril/manidipina;
40761052;SYCREST*60 cpr sublinguali 10 mg;N05AH05;Asenapina;
40761025;SYCREST*60 cpr sublinguali 5 mg;N05AH05;Asenapina;
41965017;SYKRAZIDE*28 cpr riv 150 mg + 12,5 mg;C09DA04 ;Irbesartan/idroclorotiazide;
41965029;SYKRAZIDE*28 cpr riv 300 mg + 12,5 mg;C09DA04 ;Irbesartan/idroclorotiazide;
35603063;SYMBICORT MITE*polv inal 120 dosi 80 mcg + 4,5 mcg;R03AK07;Budesonide/formoterolo;
35194063;SYMBICORT*TURBOHALER polv inal 120 dosi 160 mcg + 4,5 mcg;R03AK07;Budesonide/formoterolo;
35194214;SYMBICORT*TURBOHALER polv inal 60 dosi 320 mcg + 9 mcg;R03AK07;Budesonide/formoterolo;
44229312;SYNJARDY*56 cpr riv 12,5 mg + 1.000 mg;R03AK07;Empagliflozin/Metformina;
44229223;SYNJARDY*56x1 cpr riv 12,5 mg + 850 mg;R03AK07;Empagliflozin/Metformina;
44229134;SYNJARDY*56x1 cpr riv 5 mg + 1.000 mg;R03AK07;Empagliflozin/Metformina;
44229045;SYNJARDY*56x1 cpr riv 5 mg + 850 mg;R03AK07;Empagliflozin/Metformina;
37148032;TALATE*1 flaconcino EV 1.000 UI / 750 UI + 1 flaconcino solv 10 ml + siringa c/ago;B02BD06;Fattore VIII umano di coagulazione/fattore di Von Willebrand;
38345144;TANDEMACT*28 cpr 30 mg + 2 mg;A10BD06 ;Pioglitazone/glimepiride;
38345029;TANDEMACT*28 cpr 30 mg + 4 mg;A10BD06 ;Pioglitazone/glimepiride;
41553013;TANOF*collirio 30 contenitori monodose 0,1 ml 0,005% + 0,5%;S01ED51 ;Latanoprost/timololo;
41219027;TARDYFER*30 cpr riv 80 mg rilascio prolungato;B03AA07 ;Ferroso solfato;
39586375;TARGIN*28 cpr 40 mg + 20 mg rilascio prolungato;N02AA55 ;Oxicodone/naloxone;
39586159;TARGIN*28 cpr riv 10 mg + 5 mg rilascio prolungato;N02AA55 ;Oxicodone/naloxone;
39586262;TARGIN*28 cpr riv 20 mg + 10 mg rilascio prolungato;N02AA55 ;Oxicodone/naloxone;
39586045;TARGIN*28 cpr riv 5 mg + 2,5 mg rilascio prolungato;N02AA55 ;Oxicodone/naloxone;
26772020;TAURO*20 cps 150 mg;A05AA ;Acido tauroursodesossicolico;
26772032;TAURO*20 cps 250 mg;A05AA ;Acido tauroursodesossicolico;
43217013;TECFIDERA*14 cps 120 mg;N07XX09 ;Dimetilfumarato;
43217025;TECFIDERA*56 cps 240 mg;N07XX09 ;Dimetilfumarato;
38448142;TESAVEL*28 cpr riv 100 mg;A10BH01 ;Sitagliptin;
38448027;TESAVEL*28 cpr riv 25 mg;A10BH01 ;Sitagliptin;
38448080;TESAVEL*28 cpr riv 50 mg;A10BH01 ;Sitagliptin;
22488062;TETANUSGAMMA*1 siringa IM 250 UI 1 ml;J06BB02 ;Immunoglobulina umana antitetanica;
22488047;TETANUSGAMMA*1 siringa IM 250 UI 2 ml;J06BB02 ;Immunoglobulina umana antitetanica;
22488050;TETANUSGAMMA*1 siringa IM 500 UI 2 ml;J06BB02 ;Immunoglobulina umana antitetanica;
42291029;TEYSUNO*126 cps 15 mg + 4,35 mg + 11,8 mg;L01BC53;Tegafur/gimeracil/oteracil;
42291017;TEYSUNO*42 cps 15 mg + 4,35 mg + 11,8 mg;L01BC53;Tegafur/gimeracil/oteracil;
42291031;TEYSUNO*42 cps 20 mg + 5,8 mg + 15,8 mg;L01BC53;Tegafur/gimeracil/oteracil;
42291043;TEYSUNO*84 cps 20 mg + 5,8 mg + 15,8 mg;L01BC53;Tegafur/gimeracil/oteracil;
36772010;TIARTAN*28 cpr riv 600 mg + 12,5 mg;C09DA02 ;Eprosartan/idroclorotiazide;
34368062;TIROSINT*os gtt 20 ml 100 mcg/ml;H03AA01 ;Levotiroxina;
34368100;TIROSINT*os soluz 30 flaconcini 1 ml 100 mcg/ml;H03AA01 ;Levotiroxina;
34368074;TIROSINT*os soluz 30 flaconcini 1 ml 25 mcg/ml;H03AA01 ;Levotiroxina;
34368086;TIROSINT*os soluz 30 flaconcini 1 ml 50 mcg/ml;H03AA01 ;Levotiroxina;
34368098;TIROSINT*os soluz 30 flaconcini 1 ml 75 mcg/ml;H03AA01 ;Levotiroxina;
41401035;TRAJENTA*28 cpr riv 5 mg;A10BH05 ;Linagliptin;
23376015;TRASITENSIN*30 cpr 160 mg + 20 mg rilascio prolungato;C07CA02 ;Oxprenololo/clortalidone;
42658029;TRESIBA*FLEXTOUCH SC 5 penne preriemp 3 ml 100 UI/ml;A10AE06 ;Insulina degludec;
43405416;TRIAMLO*28 cps 10 mg + 10 mg;C09BB07 ;Ramipril/Amlodipina;
43405315;TRIAMLO*28 cps 10 mg + 5 mg;C09BB07 ;Ramipril/Amlodipina;
43405214;TRIAMLO*28 cps 5 mg + 10 mg;C09BB07 ;Ramipril/Amlodipina;
43405113;TRIAMLO*28 cps 5 mg + 5 mg;C09BB07 ;Ramipril/Amlodipina;
34095048;TRIAPIN*28 cpr riv 5 mg + 5 mg;C09BB05 ;Felodipina/ramipril;
42407217;TRIPLIAM*30 cpr riv 10 mg + 2,5 mg + 10 mg flacone;C09BX01;Perindopril/indapamide/amlodipina;
42407167;TRIPLIAM*30 cpr riv 10 mg + 2,5 mg + 5 mg flacone;C09BX01;Perindopril/indapamide/amlodipina;
42407116;TRIPLIAM*30 cpr riv 5 mg + 1,25 mg + 10 mg flacone;C09BX01;Perindopril/indapamide/amlodipina;
42407066;TRIPLIAM*30 cpr riv 5 mg + 1,25 mg + 5 mg flacone;C09BX01;Perindopril/indapamide/amlodipina;
43783024;TRULICITY*4 penne SC 0,5 ml 0,75 mg;A10BJ05;Dulaglutide;
43783075;TRULICITY*4 penne SC 1,5 mg 0,5 ml;A10BJ05;Dulaglutide;
26707036;TUDCABIL*20 cps 250 mg;A05AA;Acido tauroursodesossicolico;
43031032;ULTIBRO BREEZHALER*polv inal 30x1 cps 85 mcg + 43 mcg;R03AL04 ;Indacaterolo/Glicopirronio;
21111101;UMANALBUMIN*1 flacone EV 100 ml 200 g/l;B05AA01 ;Albumina umana;
21111024;UMANALBUMIN*1 flacone EV 50 ml 200 g/l;B05AA01 ;Albumina umana;
21111087;UMANALBUMIN*1 flacone EV 50 ml 250 g/l;B05AA01 ;Albumina umana;
23782016;UMANBIG*1 fiala IM 540 UI 3 ml;J06BB04 ;Immunoglobulina umana antiepatite B;
23309103;UMANCOMPLEX*1 fiala EV 500 UI + 1 fiala solv 20 ml;B02BD01 ;Complesso protrombinico umano;
39789045;UROREC*30 cps 4 mg;G04CA04;Silodosina;
39789110;UROREC*30 cps 8 mg;G04CA04;Silodosina;
39641028;VANTAVO*4 cpr 70 mg + 2.800 UI;M05BB03 ;Acido alendronico/colecalciferolo;
38678102;VELMETIA*56 cpr riv 50 mg + 1.000 mg;A10BD07 ;Sitagliptin/metformina;
38678037;VELMETIA*56 cpr riv 50 mg + 850 mg;A10BD07 ;Sitagliptin/metformina;
43564020;VELPHORO*90 cpr mast 500 mg flacone;V03AE05 ;Ossidrossido sucroferrico;
39365010;VICTOZA*2 penne SC 3 ml 6 mg/ml;A10BJ02 ;Liraglutide;
43841016;VIEKIRAX*56 cpr riv 12,5 mg + 75 mg + 50 mg;J05AX67;Ombitasvir/Paritaprevir/Ritonavir;
43045172;VIPDOMET*56 cpr riv 12,5 mg + 1.000 mg;A10BD13;Alogliptin/Metformina;
43045057;VIPDOMET*56 cpr riv 12,5 mg + 850 mg;A10BD13;Alogliptin/Metformina;
43051123;VIPIDIA*28 cpr riv 12,5 mg;A10BH04 ;Alogliptin;
43051212;VIPIDIA*28 cpr riv 25 mg;A10BH04 ;Alogliptin;
43051034;VIPIDIA*28 cpr riv 6,25 mg;A10BH04 ;Alogliptin;
43375118;VOKANAMET*60 cpr riv 150 mg + 1.000 mg;A10BD16;Canagliflozin/Metformina;
43375082;VOKANAMET*60 cpr riv 150 mg + 850 mg;A10BD16;Canagliflozin/Metformina;
43375056;VOKANAMET*60 cpr riv 50 mg + 1.000 mg;A10BD16;Canagliflozin/Metformina;
43375029;VOKANAMET*60 cpr riv 50 mg + 850 mg;A10BD16;Canagliflozin/Metformina;
36690067;VYTORIN*30 cpr 10 mg + 10 mg;C10BA02;Ezetimibe/simvastatina;
36690218;VYTORIN*30 cpr 10 mg + 20 mg;C10BA02;Ezetimibe/simvastatina;
36690360;VYTORIN*30 cpr 10 mg + 40 mg;C10BA02;Ezetimibe/simvastatina;
37445018;WIAL*10 fiale 1 ml 10 mg/ml;N02AA01 ;Morfina cloridrato;
39385048;WILATE*1 flacone EV 1.000 UI + 1 flaconcino solv 10 ml + sir;B02BD06;Fattore VIII umano di coagulazione/fattore di Von Willebrand;
39385024;WILATE*1 flacone EV 900 UI + 1 flaconcino solv 5 ml + sir;B02BD06;Fattore VIII umano di coagulazione/fattore di Von Willebrand;
36694014;WILZIN*250 cps 25 mg flacone;A16AX05 ;Zinco acetato;
36694026;WILZIN*250 cps 50 mg flacone;A16AX05 ;Zinco acetato;
43906080;XADAGO*30 cpr riv 100 mg;N04BD03 ;Safinamide;
43906039;XADAGO*30 cpr riv 50 mg;N04BD03 ;Safinamide;
38767024;XAMIOL*gel flacone 30 g 50 mcg/g + 0,5 mg/g;D05AX52 ;Calcipotriolo/betametasone;
37794144;XELEVIA*28 cpr riv 100 mg;A10BH01 ;Sitagliptin;
37794029;XELEVIA*28 cpr riv 25 mg;A10BH01 ;Sitagliptin;
37794082;XELEVIA*28 cpr riv 50 mg;A10BH01 ;Sitagliptin;
43208091;XIGDUO*56 cpr riv 5 mg + 1.000 mg;A10BD15 ;Dapagliflozin/Metformina;
43208038;XIGDUO*56 cpr riv 5 mg + 850 mg;A10BD15 ;Dapagliflozin/Metformina;
43033036;XOTERNA BREEZHALER*polv inal 30x1 cps 85 mcg + 43 mcg;R03AL04 ;Indacaterolo/Glicopirronio;
38502148;ZANIPRIL*28 cpr riv 20 mg + 10 mg;C09BB02;Enalapril/lercanidipina;
38502252;ZANIPRIL*28 cpr riv 20 mg + 20 mg;C09BB02;Enalapril/lercanidipina;
26915049;ZINNAT*os sosp grat 100 ml 125 mg/5 ml;J01DC02 ;Cefuroxima;
26915076;ZINNAT*os sosp grat 50 ml 250 mg/5 ml;J01DC02 ;Cefuroxima;
27612086;ZOFRAN*1 flacone 50 ml 4 mg/5 ml sciroppo;A04AA01 ;Ondansetrone;
27612074;ZOFRAN*4 supp 16 mg;A04AA01 ;Ondansetrone;
39644012;ZUTECTRA*5 siringhe SC 1 ml 500 UI;J06BB04 ;Immunoglobulina umana antiepatite B;
